<annotation>
  <folder>image</folder>
  <filename>image_0070.jpg</filename>
  <source>
    <database>Unknown</database>
    <annotation>Unknown</annotation>
    <image>Unknown</image>
  </source>
  <size>
    <width>768</width>
    <height>1366</height>
    <depth></depth>
  </size>
  <segmented>0</segmented>
  <object>
    <name>Wohnsitz_Ort</name>
    <truncated>0</truncated>
    <occluded>0</occluded>
    <difficult>0</difficult>
    <bndbox>
      <xmin>171.6</xmin>
      <ymin>1013.82</ymin>
      <xmax>292.27</xmax>
      <ymax>1062.94</ymax>
    </bndbox>
    <attributes>
      <attribute>
        <name>Ort</name>
        <value>Freiburg</value>
      </attribute>
      <attribute>
        <name>rotation</name>
        <value>0.0</value>
      </attribute>
    </attributes>
  </object>
  <object>
    <name>Ausbildung_Staette</name>
    <truncated>0</truncated>
    <occluded>0</occluded>
    <difficult>0</difficult>
    <bndbox>
      <xmin>41.91</xmin>
      <ymin>396.3</ymin>
      <xmax>523.73</xmax>
      <ymax>444.9</ymax>
    </bndbox>
    <attributes>
      <attribute>
        <name>Staette</name>
        <value>Hochschule Albert</value>
      </attribute>
      <attribute>
        <name>rotation</name>
        <value>1.6000000000000085</value>
      </attribute>
    </attributes>
  </object>
  <object>
    <name>Ausbildung_Klasse</name>
    <truncated>0</truncated>
    <occluded>0</occluded>
    <difficult>0</difficult>
    <bndbox>
      <xmin>45.01</xmin>
      <ymin>441.02</ymin>
      <xmax>523.41</xmax>
      <ymax>488.54</ymax>
    </bndbox>
    <attributes>
      <attribute>
        <name>Klasse</name>
        <value>Soziale Arbeit</value>
      </attribute>
      <attribute>
        <name>rotation</name>
        <value>0.0</value>
      </attribute>
    </attributes>
  </object>
  <object>
    <name>Ausbilung_Abschluss</name>
    <truncated>0</truncated>
    <occluded>0</occluded>
    <difficult>0</difficult>
    <bndbox>
      <xmin>44.14</xmin>
      <ymin>490.14</ymin>
      <xmax>524.83</xmax>
      <ymax>535.35</ymax>
    </bndbox>
    <attributes>
      <attribute>
        <name>Abschluss</name>
        <value>Bachelor</value>
      </attribute>
      <attribute>
        <name>rotation</name>
        <value>0.0</value>
      </attribute>
    </attributes>
  </object>
  <object>
    <name>Ausbildung_Vollzeit</name>
    <truncated>0</truncated>
    <occluded>0</occluded>
    <difficult>0</difficult>
    <bndbox>
      <xmin>43.22</xmin>
      <ymin>535.35</ymin>
      <xmax>523.91</xmax>
      <ymax>563.95</ymax>
    </bndbox>
    <attributes>
      <attribute>
        <name>Vollzeit</name>
        <value>True</value>
      </attribute>
      <attribute>
        <name>rotation</name>
        <value>0.0</value>
      </attribute>
    </attributes>
  </object>
  <object>
    <name>Person_Name</name>
    <truncated>0</truncated>
    <occluded>0</occluded>
    <difficult>0</difficult>
    <bndbox>
      <xmin>46.87</xmin>
      <ymin>671.05</ymin>
      <xmax>165.4</xmax>
      <ymax>713.34</ymax>
    </bndbox>
    <attributes>
      <attribute>
        <name>Name</name>
        <value>Smith</value>
      </attribute>
      <attribute>
        <name>rotation</name>
        <value>0.0</value>
      </attribute>
    </attributes>
  </object>
  <object>
    <name>Person_Vorname</name>
    <truncated>0</truncated>
    <occluded>0</occluded>
    <difficult>0</difficult>
    <bndbox>
      <xmin>47.57</xmin>
      <ymin>719.1</ymin>
      <xmax>163.54</xmax>
      <ymax>760.11</ymax>
    </bndbox>
    <attributes>
      <attribute>
        <name>Vorname</name>
        <value>Luisa</value>
      </attribute>
      <attribute>
        <name>rotation</name>
        <value>0.0</value>
      </attribute>
    </attributes>
  </object>
  <object>
    <name>Person_Geburtsname</name>
    <truncated>0</truncated>
    <occluded>0</occluded>
    <difficult>0</difficult>
    <bndbox>
      <xmin>285.85</xmin>
      <ymin>715.9</ymin>
      <xmax>412.71</xmax>
      <ymax>758.19</ymax>
    </bndbox>
    <attributes>
      <attribute>
        <name>Geburtsname</name>
        <value>Smith</value>
      </attribute>
      <attribute>
        <name>rotation</name>
        <value>0.0</value>
      </attribute>
    </attributes>
  </object>
  <object>
    <name>Person_Geburtsort</name>
    <truncated>0</truncated>
    <occluded>0</occluded>
    <difficult>0</difficult>
    <bndbox>
      <xmin>46.87</xmin>
      <ymin>762.67</ymin>
      <xmax>208.97</xmax>
      <ymax>803.68</ymax>
    </bndbox>
    <attributes>
      <attribute>
        <name>Geburtsort</name>
        <value>New York</value>
      </attribute>
      <attribute>
        <name>rotation</name>
        <value>0.0</value>
      </attribute>
    </attributes>
  </object>
  <object>
    <name>Person_Geburtsdatum</name>
    <truncated>0</truncated>
    <occluded>0</occluded>
    <difficult>0</difficult>
    <bndbox>
      <xmin>39.62</xmin>
      <ymin>807.73</ymin>
      <xmax>180.57</xmax>
      <ymax>853.11</ymax>
    </bndbox>
    <attributes>
      <attribute>
        <name>Geburtsdatum</name>
        <value>29052000.0</value>
      </attribute>
      <attribute>
        <name>rotation</name>
        <value>0.0</value>
      </attribute>
    </attributes>
  </object>
  <object>
    <name>Person_Stattsangehörigkeit_eigene</name>
    <truncated>0</truncated>
    <occluded>0</occluded>
    <difficult>0</difficult>
    <bndbox>
      <xmin>41.75</xmin>
      <ymin>861.65</ymin>
      <xmax>245.18</xmax>
      <ymax>899.03</ymax>
    </bndbox>
    <attributes>
      <attribute>
        <name>eigene</name>
        <value>deutsch</value>
      </attribute>
      <attribute>
        <name>rotation</name>
        <value>0.0</value>
      </attribute>
    </attributes>
  </object>
  <object>
    <name>Wohnsitz_Strasse</name>
    <truncated>0</truncated>
    <occluded>0</occluded>
    <difficult>0</difficult>
    <bndbox>
      <xmin>43.46</xmin>
      <ymin>968.97</ymin>
      <xmax>215.92</xmax>
      <ymax>1012.76</ymax>
    </bndbox>
    <attributes>
      <attribute>
        <name>Strasse</name>
        <value>Friedensweg</value>
      </attribute>
      <attribute>
        <name>rotation</name>
        <value>0.0</value>
      </attribute>
    </attributes>
  </object>
  <object>
    <name>Wohnsitz_Hausnummer</name>
    <truncated>0</truncated>
    <occluded>0</occluded>
    <difficult>0</difficult>
    <bndbox>
      <xmin>284.8</xmin>
      <ymin>965.24</ymin>
      <xmax>370.22</xmax>
      <ymax>1009.55</ymax>
    </bndbox>
    <attributes>
      <attribute>
        <name>Hausnummer</name>
        <value>5</value>
      </attribute>
      <attribute>
        <name>rotation</name>
        <value>0.0</value>
      </attribute>
    </attributes>
  </object>
  <object>
    <name>Wohnsitz_Land</name>
    <truncated>0</truncated>
    <occluded>0</occluded>
    <difficult>0</difficult>
    <bndbox>
      <xmin>38.12</xmin>
      <ymin>1015.42</ymin>
      <xmax>97.92</xmax>
      <ymax>1060.27</ymax>
    </bndbox>
    <attributes>
      <attribute>
        <name>Land</name>
        <value>GER</value>
      </attribute>
      <attribute>
        <name>rotation</name>
        <value>0.0</value>
      </attribute>
    </attributes>
  </object>
  <object>
    <name>Wohnsitz_Postleitzahl</name>
    <truncated>0</truncated>
    <occluded>0</occluded>
    <difficult>0</difficult>
    <bndbox>
      <xmin>90.45</xmin>
      <ymin>1015.42</ymin>
      <xmax>175.87</xmax>
      <ymax>1061.34</ymax>
    </bndbox>
    <attributes>
      <attribute>
        <name>Postleitzahl</name>
        <value>79085.0</value>
      </attribute>
      <attribute>
        <name>rotation</name>
        <value>0.0</value>
      </attribute>
    </attributes>
  </object>
  <object>
    <name>Ausbildung_Foerderungsnummer</name>
    <truncated>0</truncated>
    <occluded>0</occluded>
    <difficult>0</difficult>
    <bndbox>
      <xmin>282.49</xmin>
      <ymin>589.87</ymin>
      <xmax>519.8</xmax>
      <ymax>639.56</ymax>
    </bndbox>
    <attributes>
      <attribute>
        <name>Foerderungsnummer</name>
        <value>1.0</value>
      </attribute>
      <attribute>
        <name>rotation</name>
        <value>0.0</value>
      </attribute>
    </attributes>
  </object>
  <object>
    <name>Wohnsitz_Adresszusatz</name>
    <truncated>0</truncated>
    <occluded>0</occluded>
    <difficult>0</difficult>
    <bndbox>
      <xmin>365.42</xmin>
      <ymin>964.7</ymin>
      <xmax>523.46</xmax>
      <ymax>1010.62</ymax>
    </bndbox>
    <attributes>
      <attribute>
        <name>Adresszusatz</name>
        <value></value>
      </attribute>
      <attribute>
        <name>rotation</name>
        <value>0.0</value>
      </attribute>
    </attributes>
  </object>
  <object>
    <name>Wohnsitz_waehrend_Ausbildung_Postleitzahl</name>
    <truncated>0</truncated>
    <occluded>0</occluded>
    <difficult>0</difficult>
    <bndbox>
      <xmin>85.49</xmin>
      <ymin>1226.94</ymin>
      <xmax>178.93</xmax>
      <ymax>1271.43</ymax>
    </bndbox>
    <attributes>
      <attribute>
        <name>Postleitzahl</name>
        <value></value>
      </attribute>
      <attribute>
        <name>rotation</name>
        <value>0.0</value>
      </attribute>
    </attributes>
  </object>
  <object>
    <name>Person_Kinder</name>
    <truncated>0</truncated>
    <occluded>0</occluded>
    <difficult>0</difficult>
    <bndbox>
      <xmin>39.08</xmin>
      <ymin>895.29</ymin>
      <xmax>459.82</xmax>
      <ymax>930.53</ymax>
    </bndbox>
    <attributes>
      <attribute>
        <name>Kinder</name>
        <value>False</value>
      </attribute>
      <attribute>
        <name>rotation</name>
        <value>0.0</value>
      </attribute>
    </attributes>
  </object>
  <object>
    <name>Wohnsitz_waehrend_Ausbildung_Adresszusatz</name>
    <truncated>0</truncated>
    <occluded>0</occluded>
    <difficult>0</difficult>
    <bndbox>
      <xmin>363.34</xmin>
      <ymin>1175.34</ymin>
      <xmax>519.78</xmax>
      <ymax>1224.46</ymax>
    </bndbox>
    <attributes>
      <attribute>
        <name>Adresszusatz</name>
        <value></value>
      </attribute>
      <attribute>
        <name>rotation</name>
        <value>0.0</value>
      </attribute>
    </attributes>
  </object>
  <object>
    <name>Ausbildung_Antrag_gestellt_ja</name>
    <truncated>0</truncated>
    <occluded>0</occluded>
    <difficult>0</difficult>
    <bndbox>
      <xmin>43.34</xmin>
      <ymin>563.47</ymin>
      <xmax>523.13</xmax>
      <ymax>590.17</ymax>
    </bndbox>
    <attributes>
      <attribute>
        <name>Antrag_gestellt_ja</name>
        <value>False</value>
      </attribute>
      <attribute>
        <name>rotation</name>
        <value>0.0</value>
      </attribute>
    </attributes>
  </object>
  <object>
    <name>Person_Familienstand</name>
    <truncated>0</truncated>
    <occluded>0</occluded>
    <difficult>0</difficult>
    <bndbox>
      <xmin>183.24</xmin>
      <ymin>808.26</ymin>
      <xmax>262.8</xmax>
      <ymax>854.18</ymax>
    </bndbox>
    <attributes>
      <attribute>
        <name>Familienstand</name>
        <value>1.0</value>
      </attribute>
      <attribute>
        <name>rotation</name>
        <value>0.0</value>
      </attribute>
    </attributes>
  </object>
  <object>
    <name>Wohnsitz_waehrend_Ausbildung_Strasse</name>
    <truncated>0</truncated>
    <occluded>0</occluded>
    <difficult>0</difficult>
    <bndbox>
      <xmin>30.91</xmin>
      <ymin>1179.65</ymin>
      <xmax>291.04</xmax>
      <ymax>1223.86</ymax>
    </bndbox>
    <attributes>
      <attribute>
        <name>Strasse</name>
        <value></value>
      </attribute>
      <attribute>
        <name>rotation</name>
        <value>358.5</value>
      </attribute>
    </attributes>
  </object>
  <object>
    <name>Wohnsitz_waehrend_Ausbildung_Ort</name>
    <truncated>0</truncated>
    <occluded>0</occluded>
    <difficult>0</difficult>
    <bndbox>
      <xmin>172.37</xmin>
      <ymin>1225.47</ymin>
      <xmax>522.97</xmax>
      <ymax>1282.37</ymax>
    </bndbox>
    <attributes>
      <attribute>
        <name>Ort</name>
        <value></value>
      </attribute>
      <attribute>
        <name>rotation</name>
        <value>0.0</value>
      </attribute>
    </attributes>
  </object>
  <object>
    <name>Wohnsitz_waehrend_Ausbildung_Land</name>
    <truncated>0</truncated>
    <occluded>0</occluded>
    <difficult>0</difficult>
    <bndbox>
      <xmin>33.9</xmin>
      <ymin>1229.26</ymin>
      <xmax>97.97</xmax>
      <ymax>1277.32</ymax>
    </bndbox>
    <attributes>
      <attribute>
        <name>rotation</name>
        <value>0.0</value>
      </attribute>
    </attributes>
  </object>
  <object>
    <name>Ausbildung_Amt</name>
    <truncated>0</truncated>
    <occluded>0</occluded>
    <difficult>0</difficult>
    <bndbox>
      <xmin>43.84</xmin>
      <ymin>591.52</ymin>
      <xmax>278.77</xmax>
      <ymax>632.9</ymax>
    </bndbox>
    <attributes>
      <attribute>
        <name>Amt</name>
        <value></value>
      </attribute>
      <attribute>
        <name>rotation</name>
        <value>0.0</value>
      </attribute>
    </attributes>
  </object>
  <object>
    <name>Person_Familienstand_seit</name>
    <truncated>0</truncated>
    <occluded>0</occluded>
    <difficult>0</difficult>
    <bndbox>
      <xmin>280.95</xmin>
      <ymin>802.39</ymin>
      <xmax>524.96</xmax>
      <ymax>860.59</ymax>
    </bndbox>
    <attributes>
      <attribute>
        <name>Familienstand_seit</name>
        <value>1.0</value>
      </attribute>
      <attribute>
        <name>rotation</name>
        <value>0.0</value>
      </attribute>
    </attributes>
  </object>
  <object>
    <name>Wohnsitz_waehrend_Ausbildung_Hausnummer</name>
    <truncated>0</truncated>
    <occluded>0</occluded>
    <difficult>0</difficult>
    <bndbox>
      <xmin>278.44</xmin>
      <ymin>1175.87</ymin>
      <xmax>371.35</xmax>
      <ymax>1222.86</ymax>
    </bndbox>
    <attributes>
      <attribute>
        <name>Hausnummer</name>
        <value></value>
      </attribute>
      <attribute>
        <name>rotation</name>
        <value>0.0</value>
      </attribute>
    </attributes>
  </object>
  <object>
    <name>Person_Stattsangehörigkeit_Ehegatte</name>
    <truncated>0</truncated>
    <occluded>0</occluded>
    <difficult>0</difficult>
    <bndbox>
      <xmin>279.88</xmin>
      <ymin>860.05</ymin>
      <xmax>527.09</xmax>
      <ymax>898.49</ymax>
    </bndbox>
    <attributes>
      <attribute>
        <name>Ehegatte</name>
        <value></value>
      </attribute>
      <attribute>
        <name>rotation</name>
        <value>0.0</value>
      </attribute>
    </attributes>
  </object>
  <object>
    <name>Ausbildung</name>
    <truncated>0</truncated>
    <occluded>0</occluded>
    <difficult>0</difficult>
    <bndbox>
      <xmin>2.86</xmin>
      <ymin>331.48</ymin>
      <xmax>536.9</xmax>
      <ymax>633.98</ymax>
    </bndbox>
    <attributes>
      <attribute>
        <name>rotation</name>
        <value>0.3000000000000256</value>
      </attribute>
      <attribute>
        <name>track_id</name>
        <value>0</value>
      </attribute>
      <attribute>
        <name>keyframe</name>
        <value>True</value>
      </attribute>
    </attributes>
  </object>
  <object>
    <name>Person</name>
    <truncated>0</truncated>
    <occluded>0</occluded>
    <difficult>0</difficult>
    <bndbox>
      <xmin>2.72</xmin>
      <ymin>637.19</ymin>
      <xmax>535.6</xmax>
      <ymax>936.11</ymax>
    </bndbox>
    <attributes>
      <attribute>
        <name>rotation</name>
        <value>0.20000000000003126</value>
      </attribute>
      <attribute>
        <name>track_id</name>
        <value>1</value>
      </attribute>
      <attribute>
        <name>keyframe</name>
        <value>True</value>
      </attribute>
    </attributes>
  </object>
  <object>
    <name>Wohnsitz</name>
    <truncated>0</truncated>
    <occluded>0</occluded>
    <difficult>0</difficult>
    <bndbox>
      <xmin>1.08</xmin>
      <ymin>929.32</ymin>
      <xmax>533.85</xmax>
      <ymax>1067.16</ymax>
    </bndbox>
    <attributes>
      <attribute>
        <name>rotation</name>
        <value>359.2</value>
      </attribute>
      <attribute>
        <name>track_id</name>
        <value>2</value>
      </attribute>
      <attribute>
        <name>keyframe</name>
        <value>True</value>
      </attribute>
    </attributes>
  </object>
  <object>
    <name>Wohnsitz_waehrend_Ausbildung</name>
    <truncated>0</truncated>
    <occluded>0</occluded>
    <difficult>0</difficult>
    <bndbox>
      <xmin>5.35</xmin>
      <ymin>1059.3</ymin>
      <xmax>536.41</xmax>
      <ymax>1324.97</ymax>
    </bndbox>
    <attributes>
      <attribute>
        <name>rotation</name>
        <value>358.7</value>
      </attribute>
      <attribute>
        <name>track_id</name>
        <value>3</value>
      </attribute>
      <attribute>
        <name>keyframe</name>
        <value>True</value>
      </attribute>
    </attributes>
  </object>
</annotation>
