<annotation>
  <folder>image</folder>
  <filename>image_0071.jpg</filename>
  <source>
    <database>Unknown</database>
    <annotation>Unknown</annotation>
    <image>Unknown</image>
  </source>
  <size>
    <width>768</width>
    <height>1366</height>
    <depth></depth>
  </size>
  <segmented>0</segmented>
  <object>
    <name>Wohnsitz_waehrend_Ausbildung_Land</name>
    <truncated>0</truncated>
    <occluded>0</occluded>
    <difficult>0</difficult>
    <bndbox>
      <xmin>27.5</xmin>
      <ymin>1230.87</ymin>
      <xmax>91.03</xmax>
      <ymax>1281.05</ymax>
    </bndbox>
    <attributes>
      <attribute>
        <name>rotation</name>
        <value>0.0</value>
      </attribute>
    </attributes>
  </object>
  <object>
    <name>Person_Familienstand</name>
    <truncated>0</truncated>
    <occluded>0</occluded>
    <difficult>0</difficult>
    <bndbox>
      <xmin>190.18</xmin>
      <ymin>794.38</ymin>
      <xmax>275.61</xmax>
      <ymax>844.57</ymax>
    </bndbox>
    <attributes>
      <attribute>
        <name>Familienstand</name>
        <value>1.0</value>
      </attribute>
      <attribute>
        <name>rotation</name>
        <value>0.0</value>
      </attribute>
    </attributes>
  </object>
  <object>
    <name>Wohnsitz_waehrend_Ausbildung_Ort</name>
    <truncated>0</truncated>
    <occluded>0</occluded>
    <difficult>0</difficult>
    <bndbox>
      <xmin>166.22</xmin>
      <ymin>1228.55</ymin>
      <xmax>544.5</xmax>
      <ymax>1283.14</ymax>
    </bndbox>
    <attributes>
      <attribute>
        <name>Ort</name>
        <value></value>
      </attribute>
      <attribute>
        <name>rotation</name>
        <value>0.0</value>
      </attribute>
    </attributes>
  </object>
  <object>
    <name>Wohnsitz_Adresszusatz</name>
    <truncated>0</truncated>
    <occluded>0</occluded>
    <difficult>0</difficult>
    <bndbox>
      <xmin>373.96</xmin>
      <ymin>955.62</ymin>
      <xmax>540.55</xmax>
      <ymax>1009.02</ymax>
    </bndbox>
    <attributes>
      <attribute>
        <name>Adresszusatz</name>
        <value></value>
      </attribute>
      <attribute>
        <name>rotation</name>
        <value>0.0</value>
      </attribute>
    </attributes>
  </object>
  <object>
    <name>Person_Stattsangehörigkeit_Ehegatte</name>
    <truncated>0</truncated>
    <occluded>0</occluded>
    <difficult>0</difficult>
    <bndbox>
      <xmin>290.03</xmin>
      <ymin>849.37</ymin>
      <xmax>545.78</xmax>
      <ymax>889.95</ymax>
    </bndbox>
    <attributes>
      <attribute>
        <name>Ehegatte</name>
        <value></value>
      </attribute>
      <attribute>
        <name>rotation</name>
        <value>0.0</value>
      </attribute>
    </attributes>
  </object>
  <object>
    <name>Wohnsitz_waehrend_Ausbildung_Hausnummer</name>
    <truncated>0</truncated>
    <occluded>0</occluded>
    <difficult>0</difficult>
    <bndbox>
      <xmin>287.52</xmin>
      <ymin>1176.94</ymin>
      <xmax>383.09</xmax>
      <ymax>1228.73</ymax>
    </bndbox>
    <attributes>
      <attribute>
        <name>Hausnummer</name>
        <value></value>
      </attribute>
      <attribute>
        <name>rotation</name>
        <value>0.0</value>
      </attribute>
    </attributes>
  </object>
  <object>
    <name>Wohnsitz_waehrend_Ausbildung_Adresszusatz</name>
    <truncated>0</truncated>
    <occluded>0</occluded>
    <difficult>0</difficult>
    <bndbox>
      <xmin>371.88</xmin>
      <ymin>1175.34</ymin>
      <xmax>540.6</xmax>
      <ymax>1227.66</ymax>
    </bndbox>
    <attributes>
      <attribute>
        <name>Adresszusatz</name>
        <value></value>
      </attribute>
      <attribute>
        <name>rotation</name>
        <value>0.0</value>
      </attribute>
    </attributes>
  </object>
  <object>
    <name>Ausbildung_Vollzeit</name>
    <truncated>0</truncated>
    <occluded>0</occluded>
    <difficult>0</difficult>
    <bndbox>
      <xmin>44.14</xmin>
      <ymin>520.59</ymin>
      <xmax>536.82</xmax>
      <ymax>552.88</ymax>
    </bndbox>
    <attributes>
      <attribute>
        <name>Vollzeit</name>
        <value>False</value>
      </attribute>
      <attribute>
        <name>rotation</name>
        <value>0.0</value>
      </attribute>
    </attributes>
  </object>
  <object>
    <name>Wohnsitz_waehrend_Ausbildung_Strasse</name>
    <truncated>0</truncated>
    <occluded>0</occluded>
    <difficult>0</difficult>
    <bndbox>
      <xmin>27.07</xmin>
      <ymin>1175.81</ymin>
      <xmax>297.45</xmax>
      <ymax>1229.63</ymax>
    </bndbox>
    <attributes>
      <attribute>
        <name>Strasse</name>
        <value></value>
      </attribute>
      <attribute>
        <name>rotation</name>
        <value>0.0</value>
      </attribute>
    </attributes>
  </object>
  <object>
    <name>Person_Familienstand_seit</name>
    <truncated>0</truncated>
    <occluded>0</occluded>
    <difficult>0</difficult>
    <bndbox>
      <xmin>289.49</xmin>
      <ymin>790.64</ymin>
      <xmax>546.85</xmax>
      <ymax>849.37</ymax>
    </bndbox>
    <attributes>
      <attribute>
        <name>Familienstand_seit</name>
        <value>1.0</value>
      </attribute>
      <attribute>
        <name>rotation</name>
        <value>0.0</value>
      </attribute>
    </attributes>
  </object>
  <object>
    <name>Wohnsitz_waehrend_Ausbildung_Postleitzahl</name>
    <truncated>0</truncated>
    <occluded>0</occluded>
    <difficult>0</difficult>
    <bndbox>
      <xmin>81.93</xmin>
      <ymin>1230.05</ymin>
      <xmax>176.26</xmax>
      <ymax>1282.11</ymax>
    </bndbox>
    <attributes>
      <attribute>
        <name>Postleitzahl</name>
        <value></value>
      </attribute>
      <attribute>
        <name>rotation</name>
        <value>0.0</value>
      </attribute>
    </attributes>
  </object>
  <object>
    <name>Person_Geburtsname</name>
    <truncated>0</truncated>
    <occluded>0</occluded>
    <difficult>0</difficult>
    <bndbox>
      <xmin>291.62</xmin>
      <ymin>703.09</ymin>
      <xmax>537.65</xmax>
      <ymax>749.86</ymax>
    </bndbox>
    <attributes>
      <attribute>
        <name>Geburtsname</name>
        <value></value>
      </attribute>
      <attribute>
        <name>rotation</name>
        <value>0.0</value>
      </attribute>
    </attributes>
  </object>
  <object>
    <name>Ausbildung_Foerderungsnummer</name>
    <truncated>0</truncated>
    <occluded>0</occluded>
    <difficult>0</difficult>
    <bndbox>
      <xmin>292.5</xmin>
      <ymin>576.15</ymin>
      <xmax>538.33</xmax>
      <ymax>625.1</ymax>
    </bndbox>
    <attributes>
      <attribute>
        <name>Foerderungsnummer</name>
        <value>1.0</value>
      </attribute>
      <attribute>
        <name>rotation</name>
        <value>0.0</value>
      </attribute>
    </attributes>
  </object>
  <object>
    <name>Ausbildung_Amt</name>
    <truncated>0</truncated>
    <occluded>0</occluded>
    <difficult>0</difficult>
    <bndbox>
      <xmin>43.84</xmin>
      <ymin>574.61</ymin>
      <xmax>290.34</xmax>
      <ymax>620.89</ymax>
    </bndbox>
    <attributes>
      <attribute>
        <name>Amt</name>
        <value></value>
      </attribute>
      <attribute>
        <name>rotation</name>
        <value>0.0</value>
      </attribute>
    </attributes>
  </object>
  <object>
    <name>Ausbildung_Antrag_gestellt_ja</name>
    <truncated>0</truncated>
    <occluded>0</occluded>
    <difficult>0</difficult>
    <bndbox>
      <xmin>44.45</xmin>
      <ymin>548.27</ymin>
      <xmax>538.19</xmax>
      <ymax>575.93</ymax>
    </bndbox>
    <attributes>
      <attribute>
        <name>Antrag_gestellt_ja</name>
        <value>False</value>
      </attribute>
      <attribute>
        <name>rotation</name>
        <value>0.0</value>
      </attribute>
    </attributes>
  </object>
  <object>
    <name>Wohnsitz_Land</name>
    <truncated>0</truncated>
    <occluded>0</occluded>
    <difficult>0</difficult>
    <bndbox>
      <xmin>32.78</xmin>
      <ymin>1007.95</ymin>
      <xmax>92.05</xmax>
      <ymax>1055.47</ymax>
    </bndbox>
    <attributes>
      <attribute>
        <name>Land</name>
        <value>GER</value>
      </attribute>
      <attribute>
        <name>rotation</name>
        <value>0.0</value>
      </attribute>
    </attributes>
  </object>
  <object>
    <name>Ausbildung_Staette</name>
    <truncated>0</truncated>
    <occluded>0</occluded>
    <difficult>0</difficult>
    <bndbox>
      <xmin>48.45</xmin>
      <ymin>386.46</ymin>
      <xmax>537.9</xmax>
      <ymax>433.86</ymax>
    </bndbox>
    <attributes>
      <attribute>
        <name>Staette</name>
        <value>FH Berlin</value>
      </attribute>
      <attribute>
        <name>rotation</name>
        <value>1.6000000000000085</value>
      </attribute>
    </attributes>
  </object>
  <object>
    <name>Ausbildung_Klasse</name>
    <truncated>0</truncated>
    <occluded>0</occluded>
    <difficult>0</difficult>
    <bndbox>
      <xmin>48.75</xmin>
      <ymin>427.68</ymin>
      <xmax>538.36</xmax>
      <ymax>478.4</ymax>
    </bndbox>
    <attributes>
      <attribute>
        <name>Klasse</name>
        <value>Informatik</value>
      </attribute>
      <attribute>
        <name>rotation</name>
        <value>0.0</value>
      </attribute>
    </attributes>
  </object>
  <object>
    <name>Ausbilung_Abschluss</name>
    <truncated>0</truncated>
    <occluded>0</occluded>
    <difficult>0</difficult>
    <bndbox>
      <xmin>45.06</xmin>
      <ymin>474.45</ymin>
      <xmax>536.82</xmax>
      <ymax>522.43</ymax>
    </bndbox>
    <attributes>
      <attribute>
        <name>Abschluss</name>
        <value>Bachelor</value>
      </attribute>
      <attribute>
        <name>rotation</name>
        <value>0.0</value>
      </attribute>
    </attributes>
  </object>
  <object>
    <name>Person_Name</name>
    <truncated>0</truncated>
    <occluded>0</occluded>
    <difficult>0</difficult>
    <bndbox>
      <xmin>43.66</xmin>
      <ymin>655.67</ymin>
      <xmax>153.22</xmax>
      <ymax>698.6</ymax>
    </bndbox>
    <attributes>
      <attribute>
        <name>Name</name>
        <value>Mark</value>
      </attribute>
      <attribute>
        <name>rotation</name>
        <value>0.0</value>
      </attribute>
    </attributes>
  </object>
  <object>
    <name>Person_Vorname</name>
    <truncated>0</truncated>
    <occluded>0</occluded>
    <difficult>0</difficult>
    <bndbox>
      <xmin>42.44</xmin>
      <ymin>701.8</ymin>
      <xmax>151.37</xmax>
      <ymax>744.73</ymax>
    </bndbox>
    <attributes>
      <attribute>
        <name>Vorname</name>
        <value>Max</value>
      </attribute>
      <attribute>
        <name>rotation</name>
        <value>0.0</value>
      </attribute>
    </attributes>
  </object>
  <object>
    <name>Person_Geburtsort</name>
    <truncated>0</truncated>
    <occluded>0</occluded>
    <difficult>0</difficult>
    <bndbox>
      <xmin>41.74</xmin>
      <ymin>747.3</ymin>
      <xmax>175.01</xmax>
      <ymax>792.15</ymax>
    </bndbox>
    <attributes>
      <attribute>
        <name>Geburtsort</name>
        <value>Berlin</value>
      </attribute>
      <attribute>
        <name>rotation</name>
        <value>0.0</value>
      </attribute>
    </attributes>
  </object>
  <object>
    <name>Wohnsitz_Ort</name>
    <truncated>0</truncated>
    <occluded>0</occluded>
    <difficult>0</difficult>
    <bndbox>
      <xmin>170.54</xmin>
      <ymin>1006.88</ymin>
      <xmax>277.32</xmax>
      <ymax>1054.94</ymax>
    </bndbox>
    <attributes>
      <attribute>
        <name>Ort</name>
        <value>Berlin</value>
      </attribute>
      <attribute>
        <name>rotation</name>
        <value>0.0</value>
      </attribute>
    </attributes>
  </object>
  <object>
    <name>Person_Geburtsdatum</name>
    <truncated>0</truncated>
    <occluded>0</occluded>
    <difficult>0</difficult>
    <bndbox>
      <xmin>38.01</xmin>
      <ymin>792.78</ymin>
      <xmax>186.45</xmax>
      <ymax>844.57</ymax>
    </bndbox>
    <attributes>
      <attribute>
        <name>Geburtsdatum</name>
        <value>30111999.0</value>
      </attribute>
      <attribute>
        <name>rotation</name>
        <value>0.0</value>
      </attribute>
    </attributes>
  </object>
  <object>
    <name>Person_Stattsangehörigkeit_eigene</name>
    <truncated>0</truncated>
    <occluded>0</occluded>
    <difficult>0</difficult>
    <bndbox>
      <xmin>38.55</xmin>
      <ymin>846.7</ymin>
      <xmax>252.12</xmax>
      <ymax>886.75</ymax>
    </bndbox>
    <attributes>
      <attribute>
        <name>eigene</name>
        <value>deutsch</value>
      </attribute>
      <attribute>
        <name>rotation</name>
        <value>0.0</value>
      </attribute>
    </attributes>
  </object>
  <object>
    <name>Person_Kinder</name>
    <truncated>0</truncated>
    <occluded>0</occluded>
    <difficult>0</difficult>
    <bndbox>
      <xmin>35.88</xmin>
      <ymin>884.08</ymin>
      <xmax>469.96</xmax>
      <ymax>918.78</ymax>
    </bndbox>
    <attributes>
      <attribute>
        <name>Kinder</name>
        <value>True</value>
      </attribute>
      <attribute>
        <name>rotation</name>
        <value>0.0</value>
      </attribute>
    </attributes>
  </object>
  <object>
    <name>Wohnsitz_Strasse</name>
    <truncated>0</truncated>
    <occluded>0</occluded>
    <difficult>0</difficult>
    <bndbox>
      <xmin>38.12</xmin>
      <ymin>958.83</ymin>
      <xmax>234.07</xmax>
      <ymax>1006.88</ymax>
    </bndbox>
    <attributes>
      <attribute>
        <name>Strasse</name>
        <value>Karl Straße</value>
      </attribute>
      <attribute>
        <name>rotation</name>
        <value>0.0</value>
      </attribute>
    </attributes>
  </object>
  <object>
    <name>Wohnsitz_Hausnummer</name>
    <truncated>0</truncated>
    <occluded>0</occluded>
    <difficult>0</difficult>
    <bndbox>
      <xmin>290.67</xmin>
      <ymin>957.76</ymin>
      <xmax>381.44</xmax>
      <ymax>1007.42</ymax>
    </bndbox>
    <attributes>
      <attribute>
        <name>Hausnummer</name>
        <value>5</value>
      </attribute>
      <attribute>
        <name>rotation</name>
        <value>0.0</value>
      </attribute>
    </attributes>
  </object>
  <object>
    <name>Wohnsitz_Postleitzahl</name>
    <truncated>0</truncated>
    <occluded>0</occluded>
    <difficult>0</difficult>
    <bndbox>
      <xmin>88.31</xmin>
      <ymin>1007.95</ymin>
      <xmax>176.41</xmax>
      <ymax>1054.94</ymax>
    </bndbox>
    <attributes>
      <attribute>
        <name>Postleitzahl</name>
        <value>51350.0</value>
      </attribute>
      <attribute>
        <name>rotation</name>
        <value>0.0</value>
      </attribute>
    </attributes>
  </object>
  <object>
    <name>Ausbildung</name>
    <truncated>0</truncated>
    <occluded>0</occluded>
    <difficult>0</difficult>
    <bndbox>
      <xmin>0.93</xmin>
      <ymin>317.11</ymin>
      <xmax>554.2</xmax>
      <ymax>624.45</ymax>
    </bndbox>
    <attributes>
      <attribute>
        <name>rotation</name>
        <value>0.3000000000000256</value>
      </attribute>
      <attribute>
        <name>track_id</name>
        <value>0</value>
      </attribute>
      <attribute>
        <name>keyframe</name>
        <value>True</value>
      </attribute>
    </attributes>
  </object>
  <object>
    <name>Person</name>
    <truncated>0</truncated>
    <occluded>0</occluded>
    <difficult>0</difficult>
    <bndbox>
      <xmin>3.35</xmin>
      <ymin>623.12</ymin>
      <xmax>553.49</xmax>
      <ymax>929.7</ymax>
    </bndbox>
    <attributes>
      <attribute>
        <name>rotation</name>
        <value>0.20000000000003126</value>
      </attribute>
      <attribute>
        <name>track_id</name>
        <value>1</value>
      </attribute>
      <attribute>
        <name>keyframe</name>
        <value>True</value>
      </attribute>
    </attributes>
  </object>
  <object>
    <name>Wohnsitz</name>
    <truncated>0</truncated>
    <occluded>0</occluded>
    <difficult>0</difficult>
    <bndbox>
      <xmin>0.62</xmin>
      <ymin>915.29</ymin>
      <xmax>555.18</xmax>
      <ymax>1064.15</ymax>
    </bndbox>
    <attributes>
      <attribute>
        <name>rotation</name>
        <value>359.19999999999993</value>
      </attribute>
      <attribute>
        <name>track_id</name>
        <value>2</value>
      </attribute>
      <attribute>
        <name>keyframe</name>
        <value>True</value>
      </attribute>
    </attributes>
  </object>
  <object>
    <name>Wohnsitz_waehrend_Ausbildung</name>
    <truncated>0</truncated>
    <occluded>0</occluded>
    <difficult>0</difficult>
    <bndbox>
      <xmin>4.71</xmin>
      <ymin>1059.18</ymin>
      <xmax>554.3</xmax>
      <ymax>1324.86</ymax>
    </bndbox>
    <attributes>
      <attribute>
        <name>rotation</name>
        <value>359.3</value>
      </attribute>
      <attribute>
        <name>track_id</name>
        <value>3</value>
      </attribute>
      <attribute>
        <name>keyframe</name>
        <value>True</value>
      </attribute>
    </attributes>
  </object>
</annotation>
