<annotation>
  <folder>image</folder>
  <filename>image_0012.jpg</filename>
  <source>
    <database>Unknown</database>
    <annotation>Unknown</annotation>
    <image>Unknown</image>
  </source>
  <size>
    <width>768</width>
    <height>1366</height>
    <depth></depth>
  </size>
  <segmented>0</segmented>
  <object>
    <name>Wohnsitz_Ort</name>
    <truncated>0</truncated>
    <occluded>0</occluded>
    <difficult>0</difficult>
    <bndbox>
      <xmin>194.56</xmin>
      <ymin>996.2</ymin>
      <xmax>277.85</xmax>
      <ymax>1040.52</ymax>
    </bndbox>
    <attributes>
      <attribute>
        <name>Ort</name>
        <value>Bremen</value>
      </attribute>
      <attribute>
        <name>rotation</name>
        <value>0.0</value>
      </attribute>
    </attributes>
  </object>
  <object>
    <name>Wohnsitz_Postleitzahl</name>
    <truncated>0</truncated>
    <occluded>0</occluded>
    <difficult>0</difficult>
    <bndbox>
      <xmin>120.35</xmin>
      <ymin>995.14</ymin>
      <xmax>197.23</xmax>
      <ymax>1039.99</ymax>
    </bndbox>
    <attributes>
      <attribute>
        <name>Postleitzahl</name>
        <value>28208.0</value>
      </attribute>
      <attribute>
        <name>rotation</name>
        <value>0.0</value>
      </attribute>
    </attributes>
  </object>
  <object>
    <name>Wohnsitz_Land</name>
    <truncated>0</truncated>
    <occluded>0</occluded>
    <difficult>0</difficult>
    <bndbox>
      <xmin>73.89</xmin>
      <ymin>996.74</ymin>
      <xmax>123.55</xmax>
      <ymax>1039.99</ymax>
    </bndbox>
    <attributes>
      <attribute>
        <name>Land</name>
        <value>GER</value>
      </attribute>
      <attribute>
        <name>rotation</name>
        <value>0.0</value>
      </attribute>
    </attributes>
  </object>
  <object>
    <name>Wohnsitz_Adresszusatz</name>
    <truncated>0</truncated>
    <occluded>0</occluded>
    <difficult>0</difficult>
    <bndbox>
      <xmin>369.16</xmin>
      <ymin>950.29</ymin>
      <xmax>512.25</xmax>
      <ymax>993.0</ymax>
    </bndbox>
    <attributes>
      <attribute>
        <name>Adresszusatz</name>
        <value>Im Keller</value>
      </attribute>
      <attribute>
        <name>rotation</name>
        <value>0.0</value>
      </attribute>
    </attributes>
  </object>
  <object>
    <name>Wohnsitz_Hausnummer</name>
    <truncated>0</truncated>
    <occluded>0</occluded>
    <difficult>0</difficult>
    <bndbox>
      <xmin>292.8</xmin>
      <ymin>951.35</ymin>
      <xmax>371.83</xmax>
      <ymax>995.14</ymax>
    </bndbox>
    <attributes>
      <attribute>
        <name>Hausnummer</name>
        <value>420</value>
      </attribute>
      <attribute>
        <name>rotation</name>
        <value>0.0</value>
      </attribute>
    </attributes>
  </object>
  <object>
    <name>Wohnsitz_waehrend_Ausbildung_Strasse</name>
    <truncated>0</truncated>
    <occluded>0</occluded>
    <difficult>0</difficult>
    <bndbox>
      <xmin>74.48</xmin>
      <ymin>1145.69</ymin>
      <xmax>300.01</xmax>
      <ymax>1190.54</ymax>
    </bndbox>
    <attributes>
      <attribute>
        <name>Strasse</name>
        <value></value>
      </attribute>
      <attribute>
        <name>rotation</name>
        <value>0.0</value>
      </attribute>
    </attributes>
  </object>
  <object>
    <name>Ausbildung_Amt</name>
    <truncated>0</truncated>
    <occluded>0</occluded>
    <difficult>0</difficult>
    <bndbox>
      <xmin>74.1</xmin>
      <ymin>604.38</ymin>
      <xmax>288.56</xmax>
      <ymax>642.64</ymax>
    </bndbox>
    <attributes>
      <attribute>
        <name>Amt</name>
        <value></value>
      </attribute>
      <attribute>
        <name>rotation</name>
        <value>0.0</value>
      </attribute>
    </attributes>
  </object>
  <object>
    <name>Ausbildung_Antrag_gestellt_ja</name>
    <truncated>0</truncated>
    <occluded>0</occluded>
    <difficult>0</difficult>
    <bndbox>
      <xmin>72.11</xmin>
      <ymin>576.86</ymin>
      <xmax>505.23</xmax>
      <ymax>600.57</ymax>
    </bndbox>
    <attributes>
      <attribute>
        <name>Antrag_gestellt_ja</name>
        <value>False</value>
      </attribute>
      <attribute>
        <name>rotation</name>
        <value>0.0</value>
      </attribute>
    </attributes>
  </object>
  <object>
    <name>Person_Stattsangehörigkeit_Ehegatte</name>
    <truncated>0</truncated>
    <occluded>0</occluded>
    <difficult>0</difficult>
    <bndbox>
      <xmin>293.77</xmin>
      <ymin>852.04</ymin>
      <xmax>513.21</xmax>
      <ymax>891.55</ymax>
    </bndbox>
    <attributes>
      <attribute>
        <name>Ehegatte</name>
        <value></value>
      </attribute>
      <attribute>
        <name>rotation</name>
        <value>0.0</value>
      </attribute>
    </attributes>
  </object>
  <object>
    <name>Person_Familienstand</name>
    <truncated>0</truncated>
    <occluded>0</occluded>
    <difficult>0</difficult>
    <bndbox>
      <xmin>198.19</xmin>
      <ymin>805.59</ymin>
      <xmax>287.89</xmax>
      <ymax>850.97</ymax>
    </bndbox>
    <attributes>
      <attribute>
        <name>Familienstand</name>
        <value>1.0</value>
      </attribute>
      <attribute>
        <name>rotation</name>
        <value>0.0</value>
      </attribute>
    </attributes>
  </object>
  <object>
    <name>Wohnsitz_waehrend_Ausbildung_Land</name>
    <truncated>0</truncated>
    <occluded>0</occluded>
    <difficult>0</difficult>
    <bndbox>
      <xmin>72.35</xmin>
      <ymin>1194.56</ymin>
      <xmax>125.74</xmax>
      <ymax>1237.27</ymax>
    </bndbox>
    <attributes>
      <attribute>
        <name>rotation</name>
        <value>0.0</value>
      </attribute>
    </attributes>
  </object>
  <object>
    <name>Wohnsitz_waehrend_Ausbildung_Postleitzahl</name>
    <truncated>0</truncated>
    <occluded>0</occluded>
    <difficult>0</difficult>
    <bndbox>
      <xmin>117.97</xmin>
      <ymin>1192.68</ymin>
      <xmax>198.06</xmax>
      <ymax>1239.84</ymax>
    </bndbox>
    <attributes>
      <attribute>
        <name>Postleitzahl</name>
        <value></value>
      </attribute>
      <attribute>
        <name>rotation</name>
        <value>0.0</value>
      </attribute>
    </attributes>
  </object>
  <object>
    <name>Ausbildung_Foerderungsnummer</name>
    <truncated>0</truncated>
    <occluded>0</occluded>
    <difficult>0</difficult>
    <bndbox>
      <xmin>294.25</xmin>
      <ymin>603.15</ymin>
      <xmax>506.84</xmax>
      <ymax>643.32</ymax>
    </bndbox>
    <attributes>
      <attribute>
        <name>Foerderungsnummer</name>
        <value>1.0</value>
      </attribute>
      <attribute>
        <name>rotation</name>
        <value>0.0</value>
      </attribute>
    </attributes>
  </object>
  <object>
    <name>Wohnsitz_Strasse</name>
    <truncated>0</truncated>
    <occluded>0</occluded>
    <difficult>0</difficult>
    <bndbox>
      <xmin>77.1</xmin>
      <ymin>956.16</ymin>
      <xmax>239.95</xmax>
      <ymax>994.07</ymax>
    </bndbox>
    <attributes>
      <attribute>
        <name>Strasse</name>
        <value>Auberginestr</value>
      </attribute>
      <attribute>
        <name>rotation</name>
        <value>0.0</value>
      </attribute>
    </attributes>
  </object>
  <object>
    <name>Person_Kinder</name>
    <truncated>0</truncated>
    <occluded>0</occluded>
    <difficult>0</difficult>
    <bndbox>
      <xmin>72.19</xmin>
      <ymin>888.88</ymin>
      <xmax>454.48</xmax>
      <ymax>920.39</ymax>
    </bndbox>
    <attributes>
      <attribute>
        <name>Kinder</name>
        <value>True</value>
      </attribute>
      <attribute>
        <name>rotation</name>
        <value>0.0</value>
      </attribute>
    </attributes>
  </object>
  <object>
    <name>Person_Stattsangehörigkeit_eigene</name>
    <truncated>0</truncated>
    <occluded>0</occluded>
    <difficult>0</difficult>
    <bndbox>
      <xmin>71.12</xmin>
      <ymin>851.51</ymin>
      <xmax>201.93</xmax>
      <ymax>893.16</ymax>
    </bndbox>
    <attributes>
      <attribute>
        <name>eigene</name>
        <value>russisch</value>
      </attribute>
      <attribute>
        <name>rotation</name>
        <value>0.0</value>
      </attribute>
    </attributes>
  </object>
  <object>
    <name>Wohnsitz_waehrend_Ausbildung_Ort</name>
    <truncated>0</truncated>
    <occluded>0</occluded>
    <difficult>0</difficult>
    <bndbox>
      <xmin>193.9</xmin>
      <ymin>1193.18</ymin>
      <xmax>510.66999999999996</xmax>
      <ymax>1239.31</ymax>
    </bndbox>
    <attributes>
      <attribute>
        <name>Ort</name>
        <value></value>
      </attribute>
      <attribute>
        <name>rotation</name>
        <value>0.0</value>
      </attribute>
    </attributes>
  </object>
  <object>
    <name>Wohnsitz_waehrend_Ausbildung_Adresszusatz</name>
    <truncated>0</truncated>
    <occluded>0</occluded>
    <difficult>0</difficult>
    <bndbox>
      <xmin>368.14</xmin>
      <ymin>1148.64</ymin>
      <xmax>510.17</xmax>
      <ymax>1190.82</ymax>
    </bndbox>
    <attributes>
      <attribute>
        <name>Adresszusatz</name>
        <value></value>
      </attribute>
      <attribute>
        <name>rotation</name>
        <value>0.0</value>
      </attribute>
    </attributes>
  </object>
  <object>
    <name>Wohnsitz_waehrend_Ausbildung_Hausnummer</name>
    <truncated>0</truncated>
    <occluded>0</occluded>
    <difficult>0</difficult>
    <bndbox>
      <xmin>293.6</xmin>
      <ymin>1146.97</ymin>
      <xmax>373.69</xmax>
      <ymax>1194.39</ymax>
    </bndbox>
    <attributes>
      <attribute>
        <name>Hausnummer</name>
        <value></value>
      </attribute>
      <attribute>
        <name>rotation</name>
        <value>0.0</value>
      </attribute>
    </attributes>
  </object>
  <object>
    <name>Person_Geburtsdatum</name>
    <truncated>0</truncated>
    <occluded>0</occluded>
    <difficult>0</difficult>
    <bndbox>
      <xmin>73.79</xmin>
      <ymin>807.19</ymin>
      <xmax>197.66</xmax>
      <ymax>849.37</ymax>
    </bndbox>
    <attributes>
      <attribute>
        <name>Geburtsdatum</name>
        <value>7121995.0</value>
      </attribute>
      <attribute>
        <name>rotation</name>
        <value>0.0</value>
      </attribute>
    </attributes>
  </object>
  <object>
    <name>Person_Geburtsort</name>
    <truncated>0</truncated>
    <occluded>0</occluded>
    <difficult>0</difficult>
    <bndbox>
      <xmin>75.06</xmin>
      <ymin>767.16</ymin>
      <xmax>228.83</xmax>
      <ymax>806.24</ymax>
    </bndbox>
    <attributes>
      <attribute>
        <name>Geburtsort</name>
        <value>Nottingham</value>
      </attribute>
      <attribute>
        <name>rotation</name>
        <value>0.0</value>
      </attribute>
    </attributes>
  </object>
  <object>
    <name>Ausbildung_Vollzeit</name>
    <truncated>0</truncated>
    <occluded>0</occluded>
    <difficult>0</difficult>
    <bndbox>
      <xmin>73.66</xmin>
      <ymin>553.8</ymin>
      <xmax>505.44999999999993</xmax>
      <ymax>575.02</ymax>
    </bndbox>
    <attributes>
      <attribute>
        <name>Vollzeit</name>
        <value>True</value>
      </attribute>
      <attribute>
        <name>rotation</name>
        <value>0.0</value>
      </attribute>
    </attributes>
  </object>
  <object>
    <name>Ausbilung_Abschluss</name>
    <truncated>0</truncated>
    <occluded>0</occluded>
    <difficult>0</difficult>
    <bndbox>
      <xmin>75.51</xmin>
      <ymin>514.13</ymin>
      <xmax>506.38</xmax>
      <ymax>550.11</ymax>
    </bndbox>
    <attributes>
      <attribute>
        <name>Abschluss</name>
        <value>Doktor</value>
      </attribute>
      <attribute>
        <name>rotation</name>
        <value>0.0</value>
      </attribute>
    </attributes>
  </object>
  <object>
    <name>Ausbildung_Klasse</name>
    <truncated>0</truncated>
    <occluded>0</occluded>
    <difficult>0</difficult>
    <bndbox>
      <xmin>74.11</xmin>
      <ymin>469.3</ymin>
      <xmax>508.19</xmax>
      <ymax>506.6</ymax>
    </bndbox>
    <attributes>
      <attribute>
        <name>Klasse</name>
        <value>Philosophie</value>
      </attribute>
      <attribute>
        <name>rotation</name>
        <value>0.0</value>
      </attribute>
    </attributes>
  </object>
  <object>
    <name>Person_Familienstand_seit</name>
    <truncated>0</truncated>
    <occluded>0</occluded>
    <difficult>0</difficult>
    <bndbox>
      <xmin>292.7</xmin>
      <ymin>802.92</ymin>
      <xmax>515.35</xmax>
      <ymax>853.11</ymax>
    </bndbox>
    <attributes>
      <attribute>
        <name>Familienstand_seit</name>
        <value>1.0</value>
      </attribute>
      <attribute>
        <name>rotation</name>
        <value>0.0</value>
      </attribute>
    </attributes>
  </object>
  <object>
    <name>Person_Vorname</name>
    <truncated>0</truncated>
    <occluded>0</occluded>
    <difficult>0</difficult>
    <bndbox>
      <xmin>74.48</xmin>
      <ymin>725.51</ymin>
      <xmax>181.48</xmax>
      <ymax>761.39</ymax>
    </bndbox>
    <attributes>
      <attribute>
        <name>Vorname</name>
        <value>Freud</value>
      </attribute>
      <attribute>
        <name>rotation</name>
        <value>0.0</value>
      </attribute>
    </attributes>
  </object>
  <object>
    <name>Person_Name</name>
    <truncated>0</truncated>
    <occluded>0</occluded>
    <difficult>0</difficult>
    <bndbox>
      <xmin>75.06</xmin>
      <ymin>682.58</ymin>
      <xmax>210.89</xmax>
      <ymax>720.38</ymax>
    </bndbox>
    <attributes>
      <attribute>
        <name>Name</name>
        <value>Sigmund</value>
      </attribute>
      <attribute>
        <name>rotation</name>
        <value>0.0</value>
      </attribute>
    </attributes>
  </object>
  <object>
    <name>Ausbildung_Staette</name>
    <truncated>0</truncated>
    <occluded>0</occluded>
    <difficult>0</difficult>
    <bndbox>
      <xmin>69.72</xmin>
      <ymin>422.33</ymin>
      <xmax>515.89</xmax>
      <ymax>466.39</ymax>
    </bndbox>
    <attributes>
      <attribute>
        <name>Staette</name>
        <value>Universität Bremen</value>
      </attribute>
      <attribute>
        <name>rotation</name>
        <value>0.0</value>
      </attribute>
    </attributes>
  </object>
  <object>
    <name>Person_Geburtsname</name>
    <truncated>0</truncated>
    <occluded>0</occluded>
    <difficult>0</difficult>
    <bndbox>
      <xmin>296.17</xmin>
      <ymin>722.95</ymin>
      <xmax>401.24</xmax>
      <ymax>760.75</ymax>
    </bndbox>
    <attributes>
      <attribute>
        <name>Geburtsname</name>
        <value>Bob</value>
      </attribute>
      <attribute>
        <name>rotation</name>
        <value>0.0</value>
      </attribute>
    </attributes>
  </object>
  <object>
    <name>Ausbildung</name>
    <truncated>0</truncated>
    <occluded>0</occluded>
    <difficult>0</difficult>
    <bndbox>
      <xmin>33.1</xmin>
      <ymin>370.7</ymin>
      <xmax>528.9</xmax>
      <ymax>650.8</ymax>
    </bndbox>
    <attributes>
      <attribute>
        <name>rotation</name>
        <value>0.0</value>
      </attribute>
      <attribute>
        <name>track_id</name>
        <value>0</value>
      </attribute>
      <attribute>
        <name>keyframe</name>
        <value>True</value>
      </attribute>
    </attributes>
  </object>
  <object>
    <name>Person</name>
    <truncated>0</truncated>
    <occluded>0</occluded>
    <difficult>0</difficult>
    <bndbox>
      <xmin>35.09</xmin>
      <ymin>644.38</ymin>
      <xmax>525.8</xmax>
      <ymax>921.26</ymax>
    </bndbox>
    <attributes>
      <attribute>
        <name>rotation</name>
        <value>359.5</value>
      </attribute>
      <attribute>
        <name>track_id</name>
        <value>1</value>
      </attribute>
      <attribute>
        <name>keyframe</name>
        <value>True</value>
      </attribute>
    </attributes>
  </object>
  <object>
    <name>Wohnsitz</name>
    <truncated>0</truncated>
    <occluded>0</occluded>
    <difficult>0</difficult>
    <bndbox>
      <xmin>32.26</xmin>
      <ymin>918.69</ymin>
      <xmax>527.6</xmax>
      <ymax>1044.2</ymax>
    </bndbox>
    <attributes>
      <attribute>
        <name>rotation</name>
        <value>0.0</value>
      </attribute>
      <attribute>
        <name>track_id</name>
        <value>2</value>
      </attribute>
      <attribute>
        <name>keyframe</name>
        <value>True</value>
      </attribute>
    </attributes>
  </object>
  <object>
    <name>Wohnsitz_waehrend_Ausbildung</name>
    <truncated>0</truncated>
    <occluded>0</occluded>
    <difficult>0</difficult>
    <bndbox>
      <xmin>34.82</xmin>
      <ymin>1043.17</ymin>
      <xmax>528.5</xmax>
      <ymax>1296.0</ymax>
    </bndbox>
    <attributes>
      <attribute>
        <name>rotation</name>
        <value>0.0</value>
      </attribute>
      <attribute>
        <name>track_id</name>
        <value>3</value>
      </attribute>
      <attribute>
        <name>keyframe</name>
        <value>True</value>
      </attribute>
    </attributes>
  </object>
</annotation>
