<annotation>
  <folder>image</folder>
  <filename>image_0006.jpg</filename>
  <source>
    <database>Unknown</database>
    <annotation>Unknown</annotation>
    <image>Unknown</image>
  </source>
  <size>
    <width>768</width>
    <height>1366</height>
    <depth></depth>
  </size>
  <segmented>0</segmented>
  <object>
    <name>Person_Geburtsdatum</name>
    <truncated>0</truncated>
    <occluded>0</occluded>
    <difficult>0</difficult>
    <bndbox>
      <xmin>85.53</xmin>
      <ymin>840.83</ymin>
      <xmax>212.61</xmax>
      <ymax>887.82</ymax>
    </bndbox>
    <attributes>
      <attribute>
        <name>Geburtsdatum</name>
        <value>21112101.0</value>
      </attribute>
      <attribute>
        <name>rotation</name>
        <value>0.0</value>
      </attribute>
    </attributes>
  </object>
  <object>
    <name>Person_Familienstand</name>
    <truncated>0</truncated>
    <occluded>0</occluded>
    <difficult>0</difficult>
    <bndbox>
      <xmin>212.61</xmin>
      <ymin>842.43</ymin>
      <xmax>301.77</xmax>
      <ymax>886.75</ymax>
    </bndbox>
    <attributes>
      <attribute>
        <name>Familienstand</name>
        <value>1.0</value>
      </attribute>
      <attribute>
        <name>rotation</name>
        <value>0.0</value>
      </attribute>
    </attributes>
  </object>
  <object>
    <name>Ausbildung_Staette</name>
    <truncated>0</truncated>
    <occluded>0</occluded>
    <difficult>0</difficult>
    <bndbox>
      <xmin>89.75</xmin>
      <ymin>427.94</ymin>
      <xmax>536.72</xmax>
      <ymax>474.4</ymax>
    </bndbox>
    <attributes>
      <attribute>
        <name>Staette</name>
        <value>Bremen Hochschule</value>
      </attribute>
      <attribute>
        <name>rotation</name>
        <value>0.0</value>
      </attribute>
    </attributes>
  </object>
  <object>
    <name>Ausbildung_Klasse</name>
    <truncated>0</truncated>
    <occluded>0</occluded>
    <difficult>0</difficult>
    <bndbox>
      <xmin>88.52</xmin>
      <ymin>475.14</ymin>
      <xmax>534.89</xmax>
      <ymax>526.93</ymax>
    </bndbox>
    <attributes>
      <attribute>
        <name>Klasse</name>
        <value>Median theory</value>
      </attribute>
      <attribute>
        <name>rotation</name>
        <value>0.0</value>
      </attribute>
    </attributes>
  </object>
  <object>
    <name>Ausbilung_Abschluss</name>
    <truncated>0</truncated>
    <occluded>0</occluded>
    <difficult>0</difficult>
    <bndbox>
      <xmin>88.43</xmin>
      <ymin>522.43</ymin>
      <xmax>534.98</xmax>
      <ymax>563.03</ymax>
    </bndbox>
    <attributes>
      <attribute>
        <name>Abschluss</name>
        <value>Master</value>
      </attribute>
      <attribute>
        <name>rotation</name>
        <value>0.0</value>
      </attribute>
    </attributes>
  </object>
  <object>
    <name>Ausbildung_Vollzeit</name>
    <truncated>0</truncated>
    <occluded>0</occluded>
    <difficult>0</difficult>
    <bndbox>
      <xmin>87.5</xmin>
      <ymin>563.95</ymin>
      <xmax>534.98</xmax>
      <ymax>594.4</ymax>
    </bndbox>
    <attributes>
      <attribute>
        <name>Vollzeit</name>
        <value>True</value>
      </attribute>
      <attribute>
        <name>rotation</name>
        <value>0.0</value>
      </attribute>
    </attributes>
  </object>
  <object>
    <name>Ausbildung_Foerderungsnummer</name>
    <truncated>0</truncated>
    <occluded>0</occluded>
    <difficult>0</difficult>
    <bndbox>
      <xmin>311.12</xmin>
      <ymin>622.32</ymin>
      <xmax>529.21</xmax>
      <ymax>667.64</ymax>
    </bndbox>
    <attributes>
      <attribute>
        <name>Foerderungsnummer</name>
        <value>123456789120321.0</value>
      </attribute>
      <attribute>
        <name>rotation</name>
        <value>0.0</value>
      </attribute>
    </attributes>
  </object>
  <object>
    <name>Person_Name</name>
    <truncated>0</truncated>
    <occluded>0</occluded>
    <difficult>0</difficult>
    <bndbox>
      <xmin>92.36</xmin>
      <ymin>703.09</ymin>
      <xmax>257.02</xmax>
      <ymax>745.37</ymax>
    </bndbox>
    <attributes>
      <attribute>
        <name>Name</name>
        <value>Namener</value>
      </attribute>
      <attribute>
        <name>rotation</name>
        <value>0.0</value>
      </attribute>
    </attributes>
  </object>
  <object>
    <name>Person_Vorname</name>
    <truncated>0</truncated>
    <occluded>0</occluded>
    <difficult>0</difficult>
    <bndbox>
      <xmin>89.86</xmin>
      <ymin>751.14</ymin>
      <xmax>247.47000000000003</xmax>
      <ymax>797.91</ymax>
    </bndbox>
    <attributes>
      <attribute>
        <name>Vorname</name>
        <value>Bubaran</value>
      </attribute>
      <attribute>
        <name>rotation</name>
        <value>0.0</value>
      </attribute>
    </attributes>
  </object>
  <object>
    <name>Person_Geburtsname</name>
    <truncated>0</truncated>
    <occluded>0</occluded>
    <difficult>0</difficult>
    <bndbox>
      <xmin>311.7</xmin>
      <ymin>750.76</ymin>
      <xmax>487.0</xmax>
      <ymax>790.81</ymax>
    </bndbox>
    <attributes>
      <attribute>
        <name>Geburtsname</name>
        <value>Lizadan</value>
      </attribute>
      <attribute>
        <name>rotation</name>
        <value>0.0</value>
      </attribute>
    </attributes>
  </object>
  <object>
    <name>Person_Geburtsort</name>
    <truncated>0</truncated>
    <occluded>0</occluded>
    <difficult>0</difficult>
    <bndbox>
      <xmin>88.51</xmin>
      <ymin>797.91</ymin>
      <xmax>232.66999999999996</xmax>
      <ymax>836.35</ymax>
    </bndbox>
    <attributes>
      <attribute>
        <name>Geburtsort</name>
        <value>Bidan</value>
      </attribute>
      <attribute>
        <name>rotation</name>
        <value>0.0</value>
      </attribute>
    </attributes>
  </object>
  <object>
    <name>Person_Familienstand_seit</name>
    <truncated>0</truncated>
    <occluded>0</occluded>
    <difficult>0</difficult>
    <bndbox>
      <xmin>308.72</xmin>
      <ymin>836.56</ymin>
      <xmax>535.1</xmax>
      <ymax>894.22</ymax>
    </bndbox>
    <attributes>
      <attribute>
        <name>Familienstand_seit</name>
        <value>11212000.0</value>
      </attribute>
      <attribute>
        <name>rotation</name>
        <value>0.0</value>
      </attribute>
    </attributes>
  </object>
  <object>
    <name>Person_Stattsangehörigkeit_eigene</name>
    <truncated>0</truncated>
    <occluded>0</occluded>
    <difficult>0</difficult>
    <bndbox>
      <xmin>87.14</xmin>
      <ymin>889.42</ymin>
      <xmax>252.12</xmax>
      <ymax>934.8</ymax>
    </bndbox>
    <attributes>
      <attribute>
        <name>eigene</name>
        <value>Kr</value>
      </attribute>
      <attribute>
        <name>rotation</name>
        <value>0.0</value>
      </attribute>
    </attributes>
  </object>
  <object>
    <name>Person_Stattsangehörigkeit_Ehegatte</name>
    <truncated>0</truncated>
    <occluded>0</occluded>
    <difficult>0</difficult>
    <bndbox>
      <xmin>309.78</xmin>
      <ymin>894.76</ymin>
      <xmax>535.64</xmax>
      <ymax>936.94</ymax>
    </bndbox>
    <attributes>
      <attribute>
        <name>Ehegatte</name>
        <value>Br</value>
      </attribute>
      <attribute>
        <name>rotation</name>
        <value>0.0</value>
      </attribute>
    </attributes>
  </object>
  <object>
    <name>Person_Kinder</name>
    <truncated>0</truncated>
    <occluded>0</occluded>
    <difficult>0</difficult>
    <bndbox>
      <xmin>87.14</xmin>
      <ymin>933.73</ymin>
      <xmax>469.96</xmax>
      <ymax>966.84</ymax>
    </bndbox>
    <attributes>
      <attribute>
        <name>Kinder</name>
        <value>True</value>
      </attribute>
      <attribute>
        <name>rotation</name>
        <value>0.0</value>
      </attribute>
    </attributes>
  </object>
  <object>
    <name>Wohnsitz_waehrend_Ausbildung_Land</name>
    <truncated>0</truncated>
    <occluded>0</occluded>
    <difficult>0</difficult>
    <bndbox>
      <xmin>83.56</xmin>
      <ymin>1258.1</ymin>
      <xmax>135.88</xmax>
      <ymax>1302.95</ymax>
    </bndbox>
    <attributes>
      <attribute>
        <name>rotation</name>
        <value>0.0</value>
      </attribute>
    </attributes>
  </object>
  <object>
    <name>Wohnsitz_Strasse</name>
    <truncated>0</truncated>
    <occluded>0</occluded>
    <difficult>0</difficult>
    <bndbox>
      <xmin>87.78</xmin>
      <ymin>1002.08</ymin>
      <xmax>265.04</xmax>
      <ymax>1054.4</ymax>
    </bndbox>
    <attributes>
      <attribute>
        <name>Strasse</name>
        <value>Lützen Weg</value>
      </attribute>
      <attribute>
        <name>rotation</name>
        <value>0.0</value>
      </attribute>
    </attributes>
  </object>
  <object>
    <name>Wohnsitz_Hausnummer</name>
    <truncated>0</truncated>
    <occluded>0</occluded>
    <difficult>0</difficult>
    <bndbox>
      <xmin>308.82</xmin>
      <ymin>1000.47</ymin>
      <xmax>391.05</xmax>
      <ymax>1054.94</ymax>
    </bndbox>
    <attributes>
      <attribute>
        <name>Hausnummer</name>
        <value>221</value>
      </attribute>
      <attribute>
        <name>rotation</name>
        <value>0.0</value>
      </attribute>
    </attributes>
  </object>
  <object>
    <name>Wohnsitz_Ort</name>
    <truncated>0</truncated>
    <occluded>0</occluded>
    <difficult>0</difficult>
    <bndbox>
      <xmin>205.77</xmin>
      <ymin>1046.39</ymin>
      <xmax>361.68</xmax>
      <ymax>1106.19</ymax>
    </bndbox>
    <attributes>
      <attribute>
        <name>Ort</name>
        <value>Hamburg</value>
      </attribute>
      <attribute>
        <name>rotation</name>
        <value>0.0</value>
      </attribute>
    </attributes>
  </object>
  <object>
    <name>Wohnsitz_waehrend_Ausbildung_Strasse</name>
    <truncated>0</truncated>
    <occluded>0</occluded>
    <difficult>0</difficult>
    <bndbox>
      <xmin>84.73</xmin>
      <ymin>1209.12</ymin>
      <xmax>295.53</xmax>
      <ymax>1269.35</ymax>
    </bndbox>
    <attributes>
      <attribute>
        <name>Strasse</name>
        <value>Hamburger Weg</value>
      </attribute>
      <attribute>
        <name>rotation</name>
        <value>0.0</value>
      </attribute>
    </attributes>
  </object>
  <object>
    <name>Wohnsitz_waehrend_Ausbildung_Hausnummer</name>
    <truncated>0</truncated>
    <occluded>0</occluded>
    <difficult>0</difficult>
    <bndbox>
      <xmin>305.78</xmin>
      <ymin>1211.69</ymin>
      <xmax>389.71</xmax>
      <ymax>1261.66</ymax>
    </bndbox>
    <attributes>
      <attribute>
        <name>Hausnummer</name>
        <value>421</value>
      </attribute>
      <attribute>
        <name>rotation</name>
        <value>0.0</value>
      </attribute>
    </attributes>
  </object>
  <object>
    <name>Wohnsitz_waehrend_Ausbildung_Adresszusatz</name>
    <truncated>0</truncated>
    <occluded>0</occluded>
    <difficult>0</difficult>
    <bndbox>
      <xmin>384.16</xmin>
      <ymin>1212.71</ymin>
      <xmax>536.33</xmax>
      <ymax>1260.23</ymax>
    </bndbox>
    <attributes>
      <attribute>
        <name>Adresszusatz</name>
        <value>Kr</value>
      </attribute>
      <attribute>
        <name>rotation</name>
        <value>0.0</value>
      </attribute>
    </attributes>
  </object>
  <object>
    <name>Wohnsitz_waehrend_Ausbildung_Postleitzahl</name>
    <truncated>0</truncated>
    <occluded>0</occluded>
    <difficult>0</difficult>
    <bndbox>
      <xmin>129.53</xmin>
      <ymin>1258.29</ymin>
      <xmax>209.25</xmax>
      <ymax>1309.31</ymax>
    </bndbox>
    <attributes>
      <attribute>
        <name>Postleitzahl</name>
        <value>21102</value>
      </attribute>
      <attribute>
        <name>rotation</name>
        <value>0.0</value>
      </attribute>
    </attributes>
  </object>
  <object>
    <name>Wohnsitz_waehrend_Ausbildung_Ort</name>
    <truncated>0</truncated>
    <occluded>0</occluded>
    <difficult>0</difficult>
    <bndbox>
      <xmin>204.73</xmin>
      <ymin>1258.53</ymin>
      <xmax>333.76</xmax>
      <ymax>1317.26</ymax>
    </bndbox>
    <attributes>
      <attribute>
        <name>Ort</name>
        <value>Hamburg</value>
      </attribute>
      <attribute>
        <name>rotation</name>
        <value>0.0</value>
      </attribute>
    </attributes>
  </object>
  <object>
    <name>Ausbildung_Amt</name>
    <truncated>0</truncated>
    <occluded>0</occluded>
    <difficult>0</difficult>
    <bndbox>
      <xmin>87.45</xmin>
      <ymin>623.07</ymin>
      <xmax>305.47</xmax>
      <ymax>661.33</ymax>
    </bndbox>
    <attributes>
      <attribute>
        <name>Amt</name>
        <value></value>
      </attribute>
      <attribute>
        <name>rotation</name>
        <value>0.0</value>
      </attribute>
    </attributes>
  </object>
  <object>
    <name>Wohnsitz_Land</name>
    <truncated>0</truncated>
    <occluded>0</occluded>
    <difficult>0</difficult>
    <bndbox>
      <xmin>86.17</xmin>
      <ymin>1046.39</ymin>
      <xmax>137.97</xmax>
      <ymax>1092.84</ymax>
    </bndbox>
    <attributes>
      <attribute>
        <name>Land</name>
        <value></value>
      </attribute>
      <attribute>
        <name>rotation</name>
        <value>0.0</value>
      </attribute>
    </attributes>
  </object>
  <object>
    <name>Wohnsitz_Postleitzahl</name>
    <truncated>0</truncated>
    <occluded>0</occluded>
    <difficult>0</difficult>
    <bndbox>
      <xmin>132.63</xmin>
      <ymin>1045.32</ymin>
      <xmax>211.65</xmax>
      <ymax>1095.51</ymax>
    </bndbox>
    <attributes>
      <attribute>
        <name>Postleitzahl</name>
        <value>1.0</value>
      </attribute>
      <attribute>
        <name>rotation</name>
        <value>0.0</value>
      </attribute>
    </attributes>
  </object>
  <object>
    <name>Ausbildung_Antrag_gestellt_ja</name>
    <truncated>0</truncated>
    <occluded>0</occluded>
    <difficult>0</difficult>
    <bndbox>
      <xmin>85.56</xmin>
      <ymin>594.16</ymin>
      <xmax>535.99</xmax>
      <ymax>621.07</ymax>
    </bndbox>
    <attributes>
      <attribute>
        <name>Antrag_gestellt_ja</name>
        <value>False</value>
      </attribute>
      <attribute>
        <name>rotation</name>
        <value>0.0</value>
      </attribute>
    </attributes>
  </object>
  <object>
    <name>Wohnsitz_Adresszusatz</name>
    <truncated>0</truncated>
    <occluded>0</occluded>
    <difficult>0</difficult>
    <bndbox>
      <xmin>386.24</xmin>
      <ymin>997.81</ymin>
      <xmax>534.67</xmax>
      <ymax>1044.26</ymax>
    </bndbox>
    <attributes>
      <attribute>
        <name>Adresszusatz</name>
        <value></value>
      </attribute>
      <attribute>
        <name>rotation</name>
        <value>0.0</value>
      </attribute>
    </attributes>
  </object>
  <object>
    <name>Ausbildung</name>
    <truncated>0</truncated>
    <occluded>0</occluded>
    <difficult>0</difficult>
    <bndbox>
      <xmin>49.4</xmin>
      <ymin>367.9</ymin>
      <xmax>545.1</xmax>
      <ymax>668.9</ymax>
    </bndbox>
    <attributes>
      <attribute>
        <name>rotation</name>
        <value>0.0</value>
      </attribute>
      <attribute>
        <name>track_id</name>
        <value>0</value>
      </attribute>
      <attribute>
        <name>keyframe</name>
        <value>True</value>
      </attribute>
    </attributes>
  </object>
  <object>
    <name>Person</name>
    <truncated>0</truncated>
    <occluded>0</occluded>
    <difficult>0</difficult>
    <bndbox>
      <xmin>48.15</xmin>
      <ymin>667.81</ymin>
      <xmax>545.98</xmax>
      <ymax>970.26</ymax>
    </bndbox>
    <attributes>
      <attribute>
        <name>rotation</name>
        <value>0.29999999999999716</value>
      </attribute>
      <attribute>
        <name>track_id</name>
        <value>1</value>
      </attribute>
      <attribute>
        <name>keyframe</name>
        <value>True</value>
      </attribute>
    </attributes>
  </object>
  <object>
    <name>Wohnsitz</name>
    <truncated>0</truncated>
    <occluded>0</occluded>
    <difficult>0</difficult>
    <bndbox>
      <xmin>48.92</xmin>
      <ymin>966.74</ymin>
      <xmax>549.96</xmax>
      <ymax>1101.91</ymax>
    </bndbox>
    <attributes>
      <attribute>
        <name>rotation</name>
        <value>0.0</value>
      </attribute>
      <attribute>
        <name>track_id</name>
        <value>2</value>
      </attribute>
      <attribute>
        <name>keyframe</name>
        <value>True</value>
      </attribute>
    </attributes>
  </object>
  <object>
    <name>Wohnsitz_waehrend_Ausbildung</name>
    <truncated>0</truncated>
    <occluded>0</occluded>
    <difficult>0</difficult>
    <bndbox>
      <xmin>42.66</xmin>
      <ymin>1092.06</ymin>
      <xmax>539.04</xmax>
      <ymax>1347.63</ymax>
    </bndbox>
    <attributes>
      <attribute>
        <name>rotation</name>
        <value>0.0</value>
      </attribute>
      <attribute>
        <name>track_id</name>
        <value>3</value>
      </attribute>
      <attribute>
        <name>keyframe</name>
        <value>False</value>
      </attribute>
    </attributes>
  </object>
</annotation>
