<annotation>
  <folder>image</folder>
  <filename>image_0019.jpg</filename>
  <source>
    <database>Unknown</database>
    <annotation>Unknown</annotation>
    <image>Unknown</image>
  </source>
  <size>
    <width>768</width>
    <height>1366</height>
    <depth></depth>
  </size>
  <segmented>0</segmented>
  <object>
    <name>Wohnsitz_Ort</name>
    <truncated>0</truncated>
    <occluded>0</occluded>
    <difficult>0</difficult>
    <bndbox>
      <xmin>238.05</xmin>
      <ymin>1002.09</ymin>
      <xmax>358.72</xmax>
      <ymax>1041.64</ymax>
    </bndbox>
    <attributes>
      <attribute>
        <name>Ort</name>
        <value>BREMEN</value>
      </attribute>
      <attribute>
        <name>rotation</name>
        <value>355.49999999999994</value>
      </attribute>
    </attributes>
  </object>
  <object>
    <name>Person_Vorname</name>
    <truncated>0</truncated>
    <occluded>0</occluded>
    <difficult>0</difficult>
    <bndbox>
      <xmin>105.12</xmin>
      <ymin>740.25</ymin>
      <xmax>257.61</xmax>
      <ymax>777.4</ymax>
    </bndbox>
    <attributes>
      <attribute>
        <name>Vorname</name>
        <value>ELIZABETH</value>
      </attribute>
      <attribute>
        <name>rotation</name>
        <value>355.8999999999999</value>
      </attribute>
    </attributes>
  </object>
  <object>
    <name>Ausbildung_Staette</name>
    <truncated>0</truncated>
    <occluded>0</occluded>
    <difficult>0</difficult>
    <bndbox>
      <xmin>82.9</xmin>
      <ymin>435.14</ymin>
      <xmax>524.2</xmax>
      <ymax>483.99</ymax>
    </bndbox>
    <attributes>
      <attribute>
        <name>Staette</name>
        <value>UNIVERSITÄT BREMEN</value>
      </attribute>
      <attribute>
        <name>rotation</name>
        <value>355.8999999999999</value>
      </attribute>
    </attributes>
  </object>
  <object>
    <name>Person_Geburtsname</name>
    <truncated>0</truncated>
    <occluded>0</occluded>
    <difficult>0</difficult>
    <bndbox>
      <xmin>321.22</xmin>
      <ymin>723.72</ymin>
      <xmax>439.23</xmax>
      <ymax>763.45</ymax>
    </bndbox>
    <attributes>
      <attribute>
        <name>Geburtsname</name>
        <value>JOJO</value>
      </attribute>
      <attribute>
        <name>rotation</name>
        <value>355.6</value>
      </attribute>
    </attributes>
  </object>
  <object>
    <name>Person_Geburtsort</name>
    <truncated>0</truncated>
    <occluded>0</occluded>
    <difficult>0</difficult>
    <bndbox>
      <xmin>106.61</xmin>
      <ymin>778.99</ymin>
      <xmax>279.06</xmax>
      <ymax>819.97</ymax>
    </bndbox>
    <attributes>
      <attribute>
        <name>Geburtsort</name>
        <value>AMSTERDAM</value>
      </attribute>
      <attribute>
        <name>rotation</name>
        <value>354.8</value>
      </attribute>
    </attributes>
  </object>
  <object>
    <name>Person_Geburtsdatum</name>
    <truncated>0</truncated>
    <occluded>0</occluded>
    <difficult>0</difficult>
    <bndbox>
      <xmin>106.89</xmin>
      <ymin>822.68</ymin>
      <xmax>228.63</xmax>
      <ymax>864.32</ymax>
    </bndbox>
    <attributes>
      <attribute>
        <name>Geburtsdatum</name>
        <value>10011990.0</value>
      </attribute>
      <attribute>
        <name>rotation</name>
        <value>355.2</value>
      </attribute>
    </attributes>
  </object>
  <object>
    <name>Wohnsitz_Postleitzahl</name>
    <truncated>0</truncated>
    <occluded>0</occluded>
    <difficult>0</difficult>
    <bndbox>
      <xmin>161.35</xmin>
      <ymin>1008.23</ymin>
      <xmax>239.8</xmax>
      <ymax>1052.5</ymax>
    </bndbox>
    <attributes>
      <attribute>
        <name>Postleitzahl</name>
        <value>28150.0</value>
      </attribute>
      <attribute>
        <name>rotation</name>
        <value>355.1</value>
      </attribute>
    </attributes>
  </object>
  <object>
    <name>Wohnsitz_waehrend_Ausbildung_Ort</name>
    <truncated>0</truncated>
    <occluded>0</occluded>
    <difficult>0</difficult>
    <bndbox>
      <xmin>240.46</xmin>
      <ymin>1187.81</ymin>
      <xmax>563.38</xmax>
      <ymax>1232.31</ymax>
    </bndbox>
    <attributes>
      <attribute>
        <name>Ort</name>
        <value></value>
      </attribute>
      <attribute>
        <name>rotation</name>
        <value>355.49999999999994</value>
      </attribute>
    </attributes>
  </object>
  <object>
    <name>Person_Stattsangehörigkeit_Ehegatte</name>
    <truncated>0</truncated>
    <occluded>0</occluded>
    <difficult>0</difficult>
    <bndbox>
      <xmin>323.13</xmin>
      <ymin>847.77</ymin>
      <xmax>547.38</xmax>
      <ymax>888.88</ymax>
    </bndbox>
    <attributes>
      <attribute>
        <name>Ehegatte</name>
        <value>deutsch</value>
      </attribute>
      <attribute>
        <name>rotation</name>
        <value>355.7</value>
      </attribute>
    </attributes>
  </object>
  <object>
    <name>Ausbildung_Antrag_gestellt_ja</name>
    <truncated>0</truncated>
    <occluded>0</occluded>
    <difficult>0</difficult>
    <bndbox>
      <xmin>94.53</xmin>
      <ymin>585.83</ymin>
      <xmax>528.94</xmax>
      <ymax>609.54</ymax>
    </bndbox>
    <attributes>
      <attribute>
        <name>Antrag_gestellt_ja</name>
        <value>True</value>
      </attribute>
      <attribute>
        <name>rotation</name>
        <value>355.6</value>
      </attribute>
    </attributes>
  </object>
  <object>
    <name>Person_Kinder</name>
    <truncated>0</truncated>
    <occluded>0</occluded>
    <difficult>0</difficult>
    <bndbox>
      <xmin>109.03</xmin>
      <ymin>893.16</ymin>
      <xmax>513.21</xmax>
      <ymax>925.19</ymax>
    </bndbox>
    <attributes>
      <attribute>
        <name>Kinder</name>
        <value>True</value>
      </attribute>
      <attribute>
        <name>rotation</name>
        <value>354.8</value>
      </attribute>
    </attributes>
  </object>
  <object>
    <name>Person_Familienstand_seit</name>
    <truncated>0</truncated>
    <occluded>0</occluded>
    <difficult>0</difficult>
    <bndbox>
      <xmin>323.13</xmin>
      <ymin>799.72</ymin>
      <xmax>542.58</xmax>
      <ymax>848.31</ymax>
    </bndbox>
    <attributes>
      <attribute>
        <name>Familienstand_seit</name>
        <value>1.0</value>
      </attribute>
      <attribute>
        <name>rotation</name>
        <value>356.2</value>
      </attribute>
    </attributes>
  </object>
  <object>
    <name>Wohnsitz_waehrend_Ausbildung_Adresszusatz</name>
    <truncated>0</truncated>
    <occluded>0</occluded>
    <difficult>0</difficult>
    <bndbox>
      <xmin>416.34</xmin>
      <ymin>1142.23</ymin>
      <xmax>556.77</xmax>
      <ymax>1182.27</ymax>
    </bndbox>
    <attributes>
      <attribute>
        <name>Adresszusatz</name>
        <value></value>
      </attribute>
      <attribute>
        <name>rotation</name>
        <value>356.1</value>
      </attribute>
    </attributes>
  </object>
  <object>
    <name>Person_Familienstand</name>
    <truncated>0</truncated>
    <occluded>0</occluded>
    <difficult>0</difficult>
    <bndbox>
      <xmin>228.63</xmin>
      <ymin>816.27</ymin>
      <xmax>316.72</xmax>
      <ymax>853.11</ymax>
    </bndbox>
    <attributes>
      <attribute>
        <name>Familienstand</name>
        <value>2.0</value>
      </attribute>
      <attribute>
        <name>rotation</name>
        <value>355.0</value>
      </attribute>
    </attributes>
  </object>
  <object>
    <name>Wohnsitz_waehrend_Ausbildung_Strasse</name>
    <truncated>0</truncated>
    <occluded>0</occluded>
    <difficult>0</difficult>
    <bndbox>
      <xmin>122.4</xmin>
      <ymin>1160.49</ymin>
      <xmax>353.0</xmax>
      <ymax>1201.55</ymax>
    </bndbox>
    <attributes>
      <attribute>
        <name>Strasse</name>
        <value></value>
      </attribute>
      <attribute>
        <name>rotation</name>
        <value>356.1</value>
      </attribute>
    </attributes>
  </object>
  <object>
    <name>Ausbildung_Vollzeit</name>
    <truncated>0</truncated>
    <occluded>0</occluded>
    <difficult>0</difficult>
    <bndbox>
      <xmin>95.7</xmin>
      <ymin>561.05</ymin>
      <xmax>529.37</xmax>
      <ymax>588.77</ymax>
    </bndbox>
    <attributes>
      <attribute>
        <name>Vollzeit</name>
        <value>False</value>
      </attribute>
      <attribute>
        <name>rotation</name>
        <value>355.8</value>
      </attribute>
    </attributes>
  </object>
  <object>
    <name>Wohnsitz_Adresszusatz</name>
    <truncated>0</truncated>
    <occluded>0</occluded>
    <difficult>0</difficult>
    <bndbox>
      <xmin>402.81</xmin>
      <ymin>944.24</ymin>
      <xmax>551.65</xmax>
      <ymax>985.89</ymax>
    </bndbox>
    <attributes>
      <attribute>
        <name>Adresszusatz</name>
        <value></value>
      </attribute>
      <attribute>
        <name>rotation</name>
        <value>355.2</value>
      </attribute>
    </attributes>
  </object>
  <object>
    <name>Person_Name</name>
    <truncated>0</truncated>
    <occluded>0</occluded>
    <difficult>0</difficult>
    <bndbox>
      <xmin>103.28</xmin>
      <ymin>699.44</ymin>
      <xmax>244.23</xmax>
      <ymax>737.24</ymax>
    </bndbox>
    <attributes>
      <attribute>
        <name>Name</name>
        <value>STARK</value>
      </attribute>
      <attribute>
        <name>rotation</name>
        <value>355.69999999999993</value>
      </attribute>
    </attributes>
  </object>
  <object>
    <name>Ausbildung_Amt</name>
    <truncated>0</truncated>
    <occluded>0</occluded>
    <difficult>0</difficult>
    <bndbox>
      <xmin>99.9</xmin>
      <ymin>621.29</ymin>
      <xmax>313.03</xmax>
      <ymax>660.0</ymax>
    </bndbox>
    <attributes>
      <attribute>
        <name>Amt</name>
        <value></value>
      </attribute>
      <attribute>
        <name>rotation</name>
        <value>355.5</value>
      </attribute>
    </attributes>
  </object>
  <object>
    <name>Wohnsitz_waehrend_Ausbildung_Postleitzahl</name>
    <truncated>0</truncated>
    <occluded>0</occluded>
    <difficult>0</difficult>
    <bndbox>
      <xmin>168.18</xmin>
      <ymin>1205.14</ymin>
      <xmax>251.83</xmax>
      <ymax>1248.3</ymax>
    </bndbox>
    <attributes>
      <attribute>
        <name>Postleitzahl</name>
        <value></value>
      </attribute>
      <attribute>
        <name>rotation</name>
        <value>355.49999999999994</value>
      </attribute>
    </attributes>
  </object>
  <object>
    <name>Wohnsitz_waehrend_Ausbildung_Land</name>
    <truncated>0</truncated>
    <occluded>0</occluded>
    <difficult>0</difficult>
    <bndbox>
      <xmin>123.07</xmin>
      <ymin>1209.51</ymin>
      <xmax>179.67</xmax>
      <ymax>1252.22</ymax>
    </bndbox>
    <attributes>
      <attribute>
        <name>rotation</name>
        <value>355.8</value>
      </attribute>
    </attributes>
  </object>
  <object>
    <name>Wohnsitz_waehrend_Ausbildung_Hausnummer</name>
    <truncated>0</truncated>
    <occluded>0</occluded>
    <difficult>0</difficult>
    <bndbox>
      <xmin>343.47</xmin>
      <ymin>1148.26</ymin>
      <xmax>423.56</xmax>
      <ymax>1191.1</ymax>
    </bndbox>
    <attributes>
      <attribute>
        <name>Hausnummer</name>
        <value></value>
      </attribute>
      <attribute>
        <name>rotation</name>
        <value>356.20000000000005</value>
      </attribute>
    </attributes>
  </object>
  <object>
    <name>Person_Stattsangehörigkeit_eigene</name>
    <truncated>0</truncated>
    <occluded>0</occluded>
    <difficult>0</difficult>
    <bndbox>
      <xmin>107.42</xmin>
      <ymin>866.99</ymin>
      <xmax>280.95</xmax>
      <ymax>911.84</ymax>
    </bndbox>
    <attributes>
      <attribute>
        <name>eigene</name>
        <value>deutsch</value>
      </attribute>
      <attribute>
        <name>rotation</name>
        <value>354.0</value>
      </attribute>
    </attributes>
  </object>
  <object>
    <name>Ausbilung_Abschluss</name>
    <truncated>0</truncated>
    <occluded>0</occluded>
    <difficult>0</difficult>
    <bndbox>
      <xmin>93.04</xmin>
      <ymin>522.43</ymin>
      <xmax>528.52</xmax>
      <ymax>564.87</ymax>
    </bndbox>
    <attributes>
      <attribute>
        <name>Abschluss</name>
        <value>BACHELOR</value>
      </attribute>
      <attribute>
        <name>rotation</name>
        <value>355.7</value>
      </attribute>
    </attributes>
  </object>
  <object>
    <name>Ausbildung_Foerderungsnummer</name>
    <truncated>0</truncated>
    <occluded>0</occluded>
    <difficult>0</difficult>
    <bndbox>
      <xmin>315.18</xmin>
      <ymin>605.17</ymin>
      <xmax>523.91</xmax>
      <ymax>643.77</ymax>
    </bndbox>
    <attributes>
      <attribute>
        <name>Foerderungsnummer</name>
        <value>1.0</value>
      </attribute>
      <attribute>
        <name>rotation</name>
        <value>355.69999999999993</value>
      </attribute>
    </attributes>
  </object>
  <object>
    <name>Wohnsitz_Strasse</name>
    <truncated>0</truncated>
    <occluded>0</occluded>
    <difficult>0</difficult>
    <bndbox>
      <xmin>117.78</xmin>
      <ymin>970.04</ymin>
      <xmax>292.91</xmax>
      <ymax>1007.5</ymax>
    </bndbox>
    <attributes>
      <attribute>
        <name>Strasse</name>
        <value>NEUSTADTERSTR</value>
      </attribute>
      <attribute>
        <name>rotation</name>
        <value>355.5</value>
      </attribute>
    </attributes>
  </object>
  <object>
    <name>Wohnsitz_Hausnummer</name>
    <truncated>0</truncated>
    <occluded>0</occluded>
    <difficult>0</difficult>
    <bndbox>
      <xmin>329.65</xmin>
      <ymin>951.89</ymin>
      <xmax>408.13</xmax>
      <ymax>995.67</ymax>
    </bndbox>
    <attributes>
      <attribute>
        <name>Hausnummer</name>
        <value>50</value>
      </attribute>
      <attribute>
        <name>rotation</name>
        <value>354.5</value>
      </attribute>
    </attributes>
  </object>
  <object>
    <name>Wohnsitz_Land</name>
    <truncated>0</truncated>
    <occluded>0</occluded>
    <difficult>0</difficult>
    <bndbox>
      <xmin>117.14</xmin>
      <ymin>1012.76</ymin>
      <xmax>167.87</xmax>
      <ymax>1058.67</ymax>
    </bndbox>
    <attributes>
      <attribute>
        <name>Land</name>
        <value>GER</value>
      </attribute>
      <attribute>
        <name>rotation</name>
        <value>354.5</value>
      </attribute>
    </attributes>
  </object>
  <object>
    <name>Ausbildung_Klasse</name>
    <truncated>0</truncated>
    <occluded>0</occluded>
    <difficult>0</difficult>
    <bndbox>
      <xmin>91.79</xmin>
      <ymin>481.95</ymin>
      <xmax>521.04</xmax>
      <ymax>518.27</ymax>
    </bndbox>
    <attributes>
      <attribute>
        <name>Klasse</name>
        <value>BIOLOGIE</value>
      </attribute>
      <attribute>
        <name>rotation</name>
        <value>355.29999999999995</value>
      </attribute>
    </attributes>
  </object>
  <object>
    <name>Ausbildung</name>
    <truncated>0</truncated>
    <occluded>0</occluded>
    <difficult>0</difficult>
    <bndbox>
      <xmin>54.37</xmin>
      <ymin>387.79</ymin>
      <xmax>533.78</xmax>
      <ymax>658.32</ymax>
    </bndbox>
    <attributes>
      <attribute>
        <name>rotation</name>
        <value>356.5</value>
      </attribute>
      <attribute>
        <name>track_id</name>
        <value>0</value>
      </attribute>
      <attribute>
        <name>keyframe</name>
        <value>True</value>
      </attribute>
    </attributes>
  </object>
  <object>
    <name>Person</name>
    <truncated>0</truncated>
    <occluded>0</occluded>
    <difficult>0</difficult>
    <bndbox>
      <xmin>70.0</xmin>
      <ymin>654.98</ymin>
      <xmax>550.38</xmax>
      <ymax>923.43</ymax>
    </bndbox>
    <attributes>
      <attribute>
        <name>rotation</name>
        <value>355.69999999999993</value>
      </attribute>
      <attribute>
        <name>track_id</name>
        <value>1</value>
      </attribute>
      <attribute>
        <name>keyframe</name>
        <value>True</value>
      </attribute>
    </attributes>
  </object>
  <object>
    <name>Wohnsitz</name>
    <truncated>0</truncated>
    <occluded>0</occluded>
    <difficult>0</difficult>
    <bndbox>
      <xmin>79.8</xmin>
      <ymin>927.04</ymin>
      <xmax>562.42</xmax>
      <ymax>1052.52</ymax>
    </bndbox>
    <attributes>
      <attribute>
        <name>rotation</name>
        <value>354.70000000000005</value>
      </attribute>
      <attribute>
        <name>track_id</name>
        <value>2</value>
      </attribute>
      <attribute>
        <name>keyframe</name>
        <value>True</value>
      </attribute>
    </attributes>
  </object>
  <object>
    <name>Wohnsitz_waehrend_Ausbildung</name>
    <truncated>0</truncated>
    <occluded>0</occluded>
    <difficult>0</difficult>
    <bndbox>
      <xmin>88.33</xmin>
      <ymin>1045.93</ymin>
      <xmax>568.21</xmax>
      <ymax>1307.14</ymax>
    </bndbox>
    <attributes>
      <attribute>
        <name>rotation</name>
        <value>355.2</value>
      </attribute>
      <attribute>
        <name>track_id</name>
        <value>3</value>
      </attribute>
      <attribute>
        <name>keyframe</name>
        <value>True</value>
      </attribute>
    </attributes>
  </object>
</annotation>
