<annotation>
  <folder>image</folder>
  <filename>image_0069.jpg</filename>
  <source>
    <database>Unknown</database>
    <annotation>Unknown</annotation>
    <image>Unknown</image>
  </source>
  <size>
    <width>768</width>
    <height>1366</height>
    <depth></depth>
  </size>
  <segmented>0</segmented>
  <object>
    <name>Ausbildung_Amt</name>
    <truncated>0</truncated>
    <occluded>0</occluded>
    <difficult>0</difficult>
    <bndbox>
      <xmin>38.5</xmin>
      <ymin>583.02</ymin>
      <xmax>278.33</xmax>
      <ymax>626.22</ymax>
    </bndbox>
    <attributes>
      <attribute>
        <name>Amt</name>
        <value></value>
      </attribute>
      <attribute>
        <name>rotation</name>
        <value>0.0</value>
      </attribute>
    </attributes>
  </object>
  <object>
    <name>Person_Stattsangehörigkeit_Ehegatte</name>
    <truncated>0</truncated>
    <occluded>0</occluded>
    <difficult>0</difficult>
    <bndbox>
      <xmin>273.48</xmin>
      <ymin>843.5</ymin>
      <xmax>521.22</xmax>
      <ymax>888.88</ymax>
    </bndbox>
    <attributes>
      <attribute>
        <name>Ehegatte</name>
        <value></value>
      </attribute>
      <attribute>
        <name>rotation</name>
        <value>0.0</value>
      </attribute>
    </attributes>
  </object>
  <object>
    <name>Ausbildung_Foerderungsnummer</name>
    <truncated>0</truncated>
    <occluded>0</occluded>
    <difficult>0</difficult>
    <bndbox>
      <xmin>280.64</xmin>
      <ymin>580.6</ymin>
      <xmax>516.09</xmax>
      <ymax>624.73</ymax>
    </bndbox>
    <attributes>
      <attribute>
        <name>Foerderungsnummer</name>
        <value>1.0</value>
      </attribute>
      <attribute>
        <name>rotation</name>
        <value>359.7</value>
      </attribute>
    </attributes>
  </object>
  <object>
    <name>Wohnsitz_waehrend_Ausbildung_Adresszusatz</name>
    <truncated>0</truncated>
    <occluded>0</occluded>
    <difficult>0</difficult>
    <bndbox>
      <xmin>362.8</xmin>
      <ymin>1169.46</ymin>
      <xmax>525.12</xmax>
      <ymax>1216.98</ymax>
    </bndbox>
    <attributes>
      <attribute>
        <name>Adresszusatz</name>
        <value></value>
      </attribute>
      <attribute>
        <name>rotation</name>
        <value>0.0</value>
      </attribute>
    </attributes>
  </object>
  <object>
    <name>Ausbildung_Antrag_gestellt_ja</name>
    <truncated>0</truncated>
    <occluded>0</occluded>
    <difficult>0</difficult>
    <bndbox>
      <xmin>37.03</xmin>
      <ymin>552.35</ymin>
      <xmax>515.35</xmax>
      <ymax>579.42</ymax>
    </bndbox>
    <attributes>
      <attribute>
        <name>Antrag_gestellt_ja</name>
        <value>False</value>
      </attribute>
      <attribute>
        <name>rotation</name>
        <value>0.0</value>
      </attribute>
    </attributes>
  </object>
  <object>
    <name>Person_Kinder</name>
    <truncated>0</truncated>
    <occluded>0</occluded>
    <difficult>0</difficult>
    <bndbox>
      <xmin>31.07</xmin>
      <ymin>886.75</ymin>
      <xmax>469.96</xmax>
      <ymax>927.86</ymax>
    </bndbox>
    <attributes>
      <attribute>
        <name>Kinder</name>
        <value>False</value>
      </attribute>
      <attribute>
        <name>rotation</name>
        <value>0.0</value>
      </attribute>
    </attributes>
  </object>
  <object>
    <name>Wohnsitz_waehrend_Ausbildung_Ort</name>
    <truncated>0</truncated>
    <occluded>0</occluded>
    <difficult>0</difficult>
    <bndbox>
      <xmin>165.45</xmin>
      <ymin>1220.09</ymin>
      <xmax>529.12</xmax>
      <ymax>1281.6</ymax>
    </bndbox>
    <attributes>
      <attribute>
        <name>Ort</name>
        <value></value>
      </attribute>
      <attribute>
        <name>rotation</name>
        <value>0.0</value>
      </attribute>
    </attributes>
  </object>
  <object>
    <name>Ausbilung_Abschluss</name>
    <truncated>0</truncated>
    <occluded>0</occluded>
    <difficult>0</difficult>
    <bndbox>
      <xmin>35.84</xmin>
      <ymin>484.6</ymin>
      <xmax>511.9100000000001</xmax>
      <ymax>526.12</ymax>
    </bndbox>
    <attributes>
      <attribute>
        <name>Abschluss</name>
        <value>Monobachelor</value>
      </attribute>
      <attribute>
        <name>rotation</name>
        <value>0.0</value>
      </attribute>
    </attributes>
  </object>
  <object>
    <name>Ausbildung_Klasse</name>
    <truncated>0</truncated>
    <occluded>0</occluded>
    <difficult>0</difficult>
    <bndbox>
      <xmin>35.93</xmin>
      <ymin>441.02</ymin>
      <xmax>508.99</xmax>
      <ymax>485.34</ymax>
    </bndbox>
    <attributes>
      <attribute>
        <name>Klasse</name>
        <value>Lehramt</value>
      </attribute>
      <attribute>
        <name>rotation</name>
        <value>0.0</value>
      </attribute>
    </attributes>
  </object>
  <object>
    <name>Ausbildung_Staette</name>
    <truncated>0</truncated>
    <occluded>0</occluded>
    <difficult>0</difficult>
    <bndbox>
      <xmin>29.12</xmin>
      <ymin>391.76</ymin>
      <xmax>514.78</xmax>
      <ymax>441.74</ymax>
    </bndbox>
    <attributes>
      <attribute>
        <name>Staette</name>
        <value>Universität Heidelberg</value>
      </attribute>
      <attribute>
        <name>rotation</name>
        <value>0.0</value>
      </attribute>
    </attributes>
  </object>
  <object>
    <name>Wohnsitz_waehrend_Ausbildung_Postleitzahl</name>
    <truncated>0</truncated>
    <occluded>0</occluded>
    <difficult>0</difficult>
    <bndbox>
      <xmin>85.04</xmin>
      <ymin>1227.38</ymin>
      <xmax>178.93</xmax>
      <ymax>1278.55</ymax>
    </bndbox>
    <attributes>
      <attribute>
        <name>Postleitzahl</name>
        <value></value>
      </attribute>
      <attribute>
        <name>rotation</name>
        <value>0.0</value>
      </attribute>
    </attributes>
  </object>
  <object>
    <name>Wohnsitz_waehrend_Ausbildung_Land</name>
    <truncated>0</truncated>
    <occluded>0</occluded>
    <difficult>0</difficult>
    <bndbox>
      <xmin>34.97</xmin>
      <ymin>1227.66</ymin>
      <xmax>96.91</xmax>
      <ymax>1281.05</ymax>
    </bndbox>
    <attributes>
      <attribute>
        <name>rotation</name>
        <value>0.0</value>
      </attribute>
    </attributes>
  </object>
  <object>
    <name>Wohnsitz_waehrend_Ausbildung_Strasse</name>
    <truncated>0</truncated>
    <occluded>0</occluded>
    <difficult>0</difficult>
    <bndbox>
      <xmin>34.11</xmin>
      <ymin>1177.73</ymin>
      <xmax>291.68</xmax>
      <ymax>1221.94</ymax>
    </bndbox>
    <attributes>
      <attribute>
        <name>Strasse</name>
        <value></value>
      </attribute>
      <attribute>
        <name>rotation</name>
        <value>359.3</value>
      </attribute>
    </attributes>
  </object>
  <object>
    <name>Person_Familienstand</name>
    <truncated>0</truncated>
    <occluded>0</occluded>
    <difficult>0</difficult>
    <bndbox>
      <xmin>177.37</xmin>
      <ymin>799.72</ymin>
      <xmax>257.46</xmax>
      <ymax>848.84</ymax>
    </bndbox>
    <attributes>
      <attribute>
        <name>Familienstand</name>
        <value>1.0</value>
      </attribute>
      <attribute>
        <name>rotation</name>
        <value>0.0</value>
      </attribute>
    </attributes>
  </object>
  <object>
    <name>Person_Familienstand_seit</name>
    <truncated>0</truncated>
    <occluded>0</occluded>
    <difficult>0</difficult>
    <bndbox>
      <xmin>274.01</xmin>
      <ymin>794.38</ymin>
      <xmax>522.29</xmax>
      <ymax>842.97</ymax>
    </bndbox>
    <attributes>
      <attribute>
        <name>Familienstand_seit</name>
        <value>1.0</value>
      </attribute>
      <attribute>
        <name>rotation</name>
        <value>0.0</value>
      </attribute>
    </attributes>
  </object>
  <object>
    <name>Wohnsitz_Adresszusatz</name>
    <truncated>0</truncated>
    <occluded>0</occluded>
    <difficult>0</difficult>
    <bndbox>
      <xmin>361.15</xmin>
      <ymin>956.69</ymin>
      <xmax>516.52</xmax>
      <ymax>1003.14</ymax>
    </bndbox>
    <attributes>
      <attribute>
        <name>Adresszusatz</name>
        <value></value>
      </attribute>
      <attribute>
        <name>rotation</name>
        <value>0.0</value>
      </attribute>
    </attributes>
  </object>
  <object>
    <name>Wohnsitz_waehrend_Ausbildung_Hausnummer</name>
    <truncated>0</truncated>
    <occluded>0</occluded>
    <difficult>0</difficult>
    <bndbox>
      <xmin>281.11</xmin>
      <ymin>1170.53</ymin>
      <xmax>371.88</xmax>
      <ymax>1222.32</ymax>
    </bndbox>
    <attributes>
      <attribute>
        <name>Hausnummer</name>
        <value></value>
      </attribute>
      <attribute>
        <name>rotation</name>
        <value>0.0</value>
      </attribute>
    </attributes>
  </object>
  <object>
    <name>Person_Geburtsort</name>
    <truncated>0</truncated>
    <occluded>0</occluded>
    <difficult>0</difficult>
    <bndbox>
      <xmin>36.61</xmin>
      <ymin>757.55</ymin>
      <xmax>216.72000000000003</xmax>
      <ymax>797.27</ymax>
    </bndbox>
    <attributes>
      <attribute>
        <name>Geburtsort</name>
        <value>Heidelberg</value>
      </attribute>
      <attribute>
        <name>rotation</name>
        <value>0.0</value>
      </attribute>
    </attributes>
  </object>
  <object>
    <name>Ausbildung_Vollzeit</name>
    <truncated>0</truncated>
    <occluded>0</occluded>
    <difficult>0</difficult>
    <bndbox>
      <xmin>36.76</xmin>
      <ymin>526.12</ymin>
      <xmax>515.6</xmax>
      <ymax>553.8</ymax>
    </bndbox>
    <attributes>
      <attribute>
        <name>Vollzeit</name>
        <value>True</value>
      </attribute>
      <attribute>
        <name>rotation</name>
        <value>0.0</value>
      </attribute>
    </attributes>
  </object>
  <object>
    <name>Person_Name</name>
    <truncated>0</truncated>
    <occluded>0</occluded>
    <difficult>0</difficult>
    <bndbox>
      <xmin>40.46</xmin>
      <ymin>668.49</ymin>
      <xmax>171.8</xmax>
      <ymax>707.57</ymax>
    </bndbox>
    <attributes>
      <attribute>
        <name>Name</name>
        <value>Blumen</value>
      </attribute>
      <attribute>
        <name>rotation</name>
        <value>0.0</value>
      </attribute>
    </attributes>
  </object>
  <object>
    <name>Person_Vorname</name>
    <truncated>0</truncated>
    <occluded>0</occluded>
    <difficult>0</difficult>
    <bndbox>
      <xmin>38.6</xmin>
      <ymin>713.98</ymin>
      <xmax>175.71</xmax>
      <ymax>756.91</ymax>
    </bndbox>
    <attributes>
      <attribute>
        <name>Vorname</name>
        <value>Julia</value>
      </attribute>
      <attribute>
        <name>rotation</name>
        <value>0.0</value>
      </attribute>
    </attributes>
  </object>
  <object>
    <name>Person_Geburtsname</name>
    <truncated>0</truncated>
    <occluded>0</occluded>
    <difficult>0</difficult>
    <bndbox>
      <xmin>276.88</xmin>
      <ymin>706.29</ymin>
      <xmax>426.81</xmax>
      <ymax>749.22</ymax>
    </bndbox>
    <attributes>
      <attribute>
        <name>Geburtsname</name>
        <value>Blumen</value>
      </attribute>
      <attribute>
        <name>rotation</name>
        <value>0.0</value>
      </attribute>
    </attributes>
  </object>
  <object>
    <name>Person_Geburtsdatum</name>
    <truncated>0</truncated>
    <occluded>0</occluded>
    <difficult>0</difficult>
    <bndbox>
      <xmin>34.28</xmin>
      <ymin>803.45</ymin>
      <xmax>174.7</xmax>
      <ymax>849.37</ymax>
    </bndbox>
    <attributes>
      <attribute>
        <name>Geburtsdatum</name>
        <value>3032005.0</value>
      </attribute>
      <attribute>
        <name>rotation</name>
        <value>0.0</value>
      </attribute>
    </attributes>
  </object>
  <object>
    <name>Person_Stattsangehörigkeit_eigene</name>
    <truncated>0</truncated>
    <occluded>0</occluded>
    <difficult>0</difficult>
    <bndbox>
      <xmin>33.74</xmin>
      <ymin>850.97</ymin>
      <xmax>248.92</xmax>
      <ymax>894.76</ymax>
    </bndbox>
    <attributes>
      <attribute>
        <name>eigene</name>
        <value>deutsch</value>
      </attribute>
      <attribute>
        <name>rotation</name>
        <value>0.0</value>
      </attribute>
    </attributes>
  </object>
  <object>
    <name>Wohnsitz_Strasse</name>
    <truncated>0</truncated>
    <occluded>0</occluded>
    <difficult>0</difficult>
    <bndbox>
      <xmin>41.32</xmin>
      <ymin>964.17</ymin>
      <xmax>261.84</xmax>
      <ymax>1008.48</ymax>
    </bndbox>
    <attributes>
      <attribute>
        <name>Strasse</name>
        <value>Friedrich Straße</value>
      </attribute>
      <attribute>
        <name>rotation</name>
        <value>0.0</value>
      </attribute>
    </attributes>
  </object>
  <object>
    <name>Wohnsitz_Hausnummer</name>
    <truncated>0</truncated>
    <occluded>0</occluded>
    <difficult>0</difficult>
    <bndbox>
      <xmin>279.46</xmin>
      <ymin>955.62</ymin>
      <xmax>369.69</xmax>
      <ymax>1004.21</ymax>
    </bndbox>
    <attributes>
      <attribute>
        <name>Hausnummer</name>
        <value>3</value>
      </attribute>
      <attribute>
        <name>rotation</name>
        <value>0.0</value>
      </attribute>
    </attributes>
  </object>
  <object>
    <name>Wohnsitz_Land</name>
    <truncated>0</truncated>
    <occluded>0</occluded>
    <difficult>0</difficult>
    <bndbox>
      <xmin>37.59</xmin>
      <ymin>1011.69</ymin>
      <xmax>94.18</xmax>
      <ymax>1061.34</ymax>
    </bndbox>
    <attributes>
      <attribute>
        <name>Land</name>
        <value>GER</value>
      </attribute>
      <attribute>
        <name>rotation</name>
        <value>0.0</value>
      </attribute>
    </attributes>
  </object>
  <object>
    <name>Wohnsitz_Postleitzahl</name>
    <truncated>0</truncated>
    <occluded>0</occluded>
    <difficult>0</difficult>
    <bndbox>
      <xmin>89.91</xmin>
      <ymin>1011.69</ymin>
      <xmax>175.87</xmax>
      <ymax>1059.21</ymax>
    </bndbox>
    <attributes>
      <attribute>
        <name>Postleitzahl</name>
        <value>10135.0</value>
      </attribute>
      <attribute>
        <name>rotation</name>
        <value>0.0</value>
      </attribute>
    </attributes>
  </object>
  <object>
    <name>Wohnsitz_Ort</name>
    <truncated>0</truncated>
    <occluded>0</occluded>
    <difficult>0</difficult>
    <bndbox>
      <xmin>170.0</xmin>
      <ymin>1010.62</ymin>
      <xmax>330.71</xmax>
      <ymax>1056.0</ymax>
    </bndbox>
    <attributes>
      <attribute>
        <name>Ort</name>
        <value>Heidelberg</value>
      </attribute>
      <attribute>
        <name>rotation</name>
        <value>0.0</value>
      </attribute>
    </attributes>
  </object>
  <object>
    <name>Ausbildung</name>
    <truncated>0</truncated>
    <occluded>0</occluded>
    <difficult>0</difficult>
    <bndbox>
      <xmin>1.9</xmin>
      <ymin>324.74</ymin>
      <xmax>530.2</xmax>
      <ymax>627.24</ymax>
    </bndbox>
    <attributes>
      <attribute>
        <name>rotation</name>
        <value>0.3000000000000256</value>
      </attribute>
      <attribute>
        <name>track_id</name>
        <value>0</value>
      </attribute>
      <attribute>
        <name>keyframe</name>
        <value>True</value>
      </attribute>
    </attributes>
  </object>
  <object>
    <name>Person</name>
    <truncated>0</truncated>
    <occluded>0</occluded>
    <difficult>0</difficult>
    <bndbox>
      <xmin>4.65</xmin>
      <ymin>625.0</ymin>
      <xmax>531.1</xmax>
      <ymax>924.64</ymax>
    </bndbox>
    <attributes>
      <attribute>
        <name>rotation</name>
        <value>359.1</value>
      </attribute>
      <attribute>
        <name>track_id</name>
        <value>1</value>
      </attribute>
      <attribute>
        <name>keyframe</name>
        <value>True</value>
      </attribute>
    </attributes>
  </object>
  <object>
    <name>Wohnsitz</name>
    <truncated>0</truncated>
    <occluded>0</occluded>
    <difficult>0</difficult>
    <bndbox>
      <xmin>2.68</xmin>
      <ymin>924.52</ymin>
      <xmax>535.46</xmax>
      <ymax>1062.35</ymax>
    </bndbox>
    <attributes>
      <attribute>
        <name>rotation</name>
        <value>358.69999999999993</value>
      </attribute>
      <attribute>
        <name>track_id</name>
        <value>2</value>
      </attribute>
      <attribute>
        <name>keyframe</name>
        <value>True</value>
      </attribute>
    </attributes>
  </object>
  <object>
    <name>Wohnsitz_waehrend_Ausbildung</name>
    <truncated>0</truncated>
    <occluded>0</occluded>
    <difficult>0</difficult>
    <bndbox>
      <xmin>12.4</xmin>
      <ymin>1059.94</ymin>
      <xmax>543.46</xmax>
      <ymax>1325.61</ymax>
    </bndbox>
    <attributes>
      <attribute>
        <name>rotation</name>
        <value>358.1</value>
      </attribute>
      <attribute>
        <name>track_id</name>
        <value>3</value>
      </attribute>
      <attribute>
        <name>keyframe</name>
        <value>True</value>
      </attribute>
    </attributes>
  </object>
</annotation>
